{"style":{"id":"178","name":"Style 18 Horizontal","style_name":"style18","rawdata":"{\\\"oxi-tabs-gen-trigger\\\":\\\"0\\\",\\\"oxi-tabs-gen-event\\\":\\\"oxi-tabs-click-event\\\",\\\"oxi-tabs-gen-opening\\\":\\\":eq(0)\\\",\\\"oxi-tabs-gen-animation\\\":\\\"animate__fadeIn\\\",\\\"oxi-tabs-general-margin-lap-choices\\\":\\\"px\\\",\\\"oxi-tabs-general-margin-lap-top\\\":\\\"\\\",\\\"oxi-tabs-general-margin-lap-right\\\":\\\"\\\",\\\"oxi-tabs-general-margin-lap-bottom\\\":\\\"\\\",\\\"oxi-tabs-general-margin-lap-left\\\":\\\"\\\",\\\"oxi-tabs-general-margin-tab-choices\\\":\\\"px\\\",\\\"oxi-tabs-general-margin-tab-top\\\":\\\"\\\",\\\"oxi-tabs-general-margin-tab-right\\\":\\\"\\\",\\\"oxi-tabs-general-margin-tab-bottom\\\":\\\"\\\",\\\"oxi-tabs-general-margin-tab-left\\\":\\\"\\\",\\\"oxi-tabs-general-margin-mob-choices\\\":\\\"px\\\",\\\"oxi-tabs-general-margin-mob-top\\\":\\\"\\\",\\\"oxi-tabs-general-margin-mob-right\\\":\\\"\\\",\\\"oxi-tabs-general-margin-mob-bottom\\\":\\\"\\\",\\\"oxi-tabs-general-margin-mob-left\\\":\\\"\\\",\\\"oxi-tabs-heading-alignment\\\":\\\"oxi-tab-header-horizontal\\\",\\\"oxi-tabs-heading-horizontal-position\\\":\\\"oxi-tab-header-top-left-position\\\",\\\"oxi-tabs-heading-vertical-position\\\":\\\"oxi-tab-header-left-top-position\\\",\\\"oxi-tabs-gen-vertical-width-choices\\\":\\\"%\\\",\\\"oxi-tabs-gen-vertical-width-size\\\":\\\"25\\\",\\\"oxi-tabs-heading-responsive-mode\\\":\\\"oxi-tabs-heading-responsive-static\\\",\\\"oxi-tabs-header-horizontal-tabs-alignment-horizontal\\\":\\\"oxi-tabs-header-horizontal-tabs-alignment-horizontal-compact\\\",\\\"oxi-tabs-header-vertical-tabs-alignment\\\":\\\"oxi-tabs-header-vertical-tabs-alignment-horizontal\\\",\\\"oxi-tabs-header-vertical-tabs-alignment-horizontal\\\":\\\"oxi-tabs-header-vertical-tabs-alignment-horizontal-compact\\\",\\\"oxi-tabs-header-tab-vertical-width-choices\\\":\\\"%\\\",\\\"oxi-tabs-header-tab-vertical-width-size\\\":\\\"24\\\",\\\"oxi-tabs-heading-tabs-show-title\\\":\\\"\\\",\\\"oxi-tabs-heading-tabs-show-subtitle\\\":\\\"\\\",\\\"oxi-tabs-heading-tabs-show-icon\\\":\\\"\\\",\\\"oxi-tabs-heading-tabs-show-number\\\":\\\"\\\",\\\"oxi-tabs-heading-tabs-show-image\\\":\\\"\\\",\\\"oxi-tabs-header-horizontal-mobile-alignment-horizontal\\\":\\\"oxi-tabs-header-horizontal-mobile-alignment-horizontal-compact\\\",\\\"oxi-tabs-header-vertical-mobile-alignment\\\":\\\"oxi-tabs-header-vertical-mobile-alignment-horizontal\\\",\\\"oxi-tabs-header-vertical-mobile-alignment-horizontal\\\":\\\"oxi-tabs-header-vertical-mobile-alignment-horizontal-compact\\\",\\\"oxi-tabs-header-mobile-vertical-width-choices\\\":\\\"%\\\",\\\"oxi-tabs-header-mobile-vertical-width-size\\\":\\\"25\\\",\\\"oxi-tabs-heading-mobile-show-title\\\":\\\"\\\",\\\"oxi-tabs-heading-mobile-show-subtitle\\\":\\\"\\\",\\\"oxi-tabs-heading-mobile-show-icon\\\":\\\"\\\",\\\"oxi-tabs-heading-mobile-show-number\\\":\\\"\\\",\\\"oxi-tabs-heading-mobile-show-image\\\":\\\"\\\",\\\"oxi-tabs-head-aditional-location\\\":\\\"oxi-tab-header-aditional-left-position\\\",\\\"oxi-tabs-head-alignment-left-right-lap\\\":\\\"\\\",\\\"oxi-tabs-head-alignment-left-right-tab\\\":\\\"\\\",\\\"oxi-tabs-head-alignment-left-right-mob\\\":\\\"\\\",\\\"oxi-tabs-head-alignment-top-bottom-lap\\\":\\\"\\\",\\\"oxi-tabs-head-alignment-top-bottom-tab\\\":\\\"\\\",\\\"oxi-tabs-head-alignment-top-bottom-mob\\\":\\\"\\\",\\\"oxi-tabs-head-border-type\\\":\\\"solid\\\",\\\"oxi-tabs-head-border-width-lap-choices\\\":\\\"px\\\",\\\"oxi-tabs-head-border-width-lap-top\\\":\\\"5\\\",\\\"oxi-tabs-head-border-width-lap-right\\\":\\\"0\\\",\\\"oxi-tabs-head-border-width-lap-bottom\\\":\\\"0\\\",\\\"oxi-tabs-head-border-width-lap-left\\\":\\\"0\\\",\\\"oxi-tabs-head-border-width-tab-choices\\\":\\\"px\\\",\\\"oxi-tabs-head-border-width-tab-top\\\":\\\"\\\",\\\"oxi-tabs-head-border-width-tab-right\\\":\\\"\\\",\\\"oxi-tabs-head-border-width-tab-bottom\\\":\\\"\\\",\\\"oxi-tabs-head-border-width-tab-left\\\":\\\"\\\",\\\"oxi-tabs-head-border-width-mob-choices\\\":\\\"px\\\",\\\"oxi-tabs-head-border-width-mob-top\\\":\\\"\\\",\\\"oxi-tabs-head-border-width-mob-right\\\":\\\"\\\",\\\"oxi-tabs-head-border-width-mob-bottom\\\":\\\"\\\",\\\"oxi-tabs-head-border-width-mob-left\\\":\\\"\\\",\\\"oxi-tabs-head-border-color\\\":\\\"#7e0de0\\\",\\\"oxi-tabs-head-radius-lap-choices\\\":\\\"px\\\",\\\"oxi-tabs-head-radius-lap-top\\\":\\\"0\\\",\\\"oxi-tabs-head-radius-lap-right\\\":\\\"0\\\",\\\"oxi-tabs-head-radius-lap-bottom\\\":\\\"0\\\",\\\"oxi-tabs-head-radius-lap-left\\\":\\\"0\\\",\\\"oxi-tabs-head-radius-tab-choices\\\":\\\"px\\\",\\\"oxi-tabs-head-radius-tab-top\\\":\\\"\\\",\\\"oxi-tabs-head-radius-tab-right\\\":\\\"\\\",\\\"oxi-tabs-head-radius-tab-bottom\\\":\\\"\\\",\\\"oxi-tabs-head-radius-tab-left\\\":\\\"\\\",\\\"oxi-tabs-head-radius-mob-choices\\\":\\\"px\\\",\\\"oxi-tabs-head-radius-mob-top\\\":\\\"\\\",\\\"oxi-tabs-head-radius-mob-right\\\":\\\"\\\",\\\"oxi-tabs-head-radius-mob-bottom\\\":\\\"\\\",\\\"oxi-tabs-head-radius-mob-left\\\":\\\"\\\",\\\"oxi-tabs-head-padding-lap-choices\\\":\\\"px\\\",\\\"oxi-tabs-head-padding-lap-top\\\":\\\"15\\\",\\\"oxi-tabs-head-padding-lap-right\\\":\\\"25\\\",\\\"oxi-tabs-head-padding-lap-bottom\\\":\\\"15\\\",\\\"oxi-tabs-head-padding-lap-left\\\":\\\"25\\\",\\\"oxi-tabs-head-padding-tab-choices\\\":\\\"px\\\",\\\"oxi-tabs-head-padding-tab-top\\\":\\\"\\\",\\\"oxi-tabs-head-padding-tab-right\\\":\\\"\\\",\\\"oxi-tabs-head-padding-tab-bottom\\\":\\\"\\\",\\\"oxi-tabs-head-padding-tab-left\\\":\\\"\\\",\\\"oxi-tabs-head-padding-mob-choices\\\":\\\"px\\\",\\\"oxi-tabs-head-padding-mob-top\\\":\\\"\\\",\\\"oxi-tabs-head-padding-mob-right\\\":\\\"\\\",\\\"oxi-tabs-head-padding-mob-bottom\\\":\\\"\\\",\\\"oxi-tabs-head-padding-mob-left\\\":\\\"\\\",\\\"oxi-tabs-head-margin-lap-choices\\\":\\\"px\\\",\\\"oxi-tabs-head-margin-lap-top\\\":\\\"0\\\",\\\"oxi-tabs-head-margin-lap-right\\\":\\\"10\\\",\\\"oxi-tabs-head-margin-lap-bottom\\\":\\\"0\\\",\\\"oxi-tabs-head-margin-lap-left\\\":\\\"0\\\",\\\"oxi-tabs-head-margin-tab-choices\\\":\\\"px\\\",\\\"oxi-tabs-head-margin-tab-top\\\":\\\"\\\",\\\"oxi-tabs-head-margin-tab-right\\\":\\\"\\\",\\\"oxi-tabs-head-margin-tab-bottom\\\":\\\"\\\",\\\"oxi-tabs-head-margin-tab-left\\\":\\\"\\\",\\\"oxi-tabs-head-margin-mob-choices\\\":\\\"px\\\",\\\"oxi-tabs-head-margin-mob-top\\\":\\\"\\\",\\\"oxi-tabs-head-margin-mob-right\\\":\\\"\\\",\\\"oxi-tabs-head-margin-mob-bottom\\\":\\\"\\\",\\\"oxi-tabs-head-margin-mob-left\\\":\\\"\\\",\\\"oxi-tabs-head-title-typho-font\\\":\\\"Open+Sans\\\",\\\"oxi-tabs-head-title-typho-size-lap-choices\\\":\\\"px\\\",\\\"oxi-tabs-head-title-typho-size-lap-size\\\":\\\"18\\\",\\\"oxi-tabs-head-title-typho-size-tab-choices\\\":\\\"px\\\",\\\"oxi-tabs-head-title-typho-size-tab-size\\\":\\\"18\\\",\\\"oxi-tabs-head-title-typho-size-mob-choices\\\":\\\"px\\\",\\\"oxi-tabs-head-title-typho-size-mob-size\\\":\\\"14\\\",\\\"oxi-tabs-head-title-typho-weight\\\":\\\"\\\",\\\"oxi-tabs-head-title-typho-transform\\\":\\\"\\\",\\\"oxi-tabs-head-title-typho-style\\\":\\\"\\\",\\\"oxi-tabs-head-title-typho-decoration\\\":\\\"\\\",\\\"oxi-tabs-head-title-typho-align-lap\\\":\\\"\\\",\\\"oxi-tabs-head-title-typho-align-tab\\\":\\\"center\\\",\\\"oxi-tabs-head-title-typho-align-mob\\\":\\\"center\\\",\\\"oxi-tabs-head-title-typho-l-height-lap-choices\\\":\\\"px\\\",\\\"oxi-tabs-head-title-typho-l-height-lap-size\\\":\\\"\\\",\\\"oxi-tabs-head-title-typho-l-height-tab-choices\\\":\\\"px\\\",\\\"oxi-tabs-head-title-typho-l-height-tab-size\\\":\\\"\\\",\\\"oxi-tabs-head-title-typho-l-height-mob-choices\\\":\\\"px\\\",\\\"oxi-tabs-head-title-typho-l-height-mob-size\\\":\\\"\\\",\\\"oxi-tabs-head-title-typho-l-spacing-lap-choices\\\":\\\"px\\\",\\\"oxi-tabs-head-title-typho-l-spacing-lap-size\\\":\\\"\\\",\\\"oxi-tabs-head-title-typho-l-spacing-tab-choices\\\":\\\"px\\\",\\\"oxi-tabs-head-title-typho-l-spacing-tab-size\\\":\\\"\\\",\\\"oxi-tabs-head-title-typho-l-spacing-mob-choices\\\":\\\"px\\\",\\\"oxi-tabs-head-title-typho-l-spacing-mob-size\\\":\\\"\\\",\\\"oxi-tabs-head-title-margin-lap-choices\\\":\\\"px\\\",\\\"oxi-tabs-head-title-margin-lap-top\\\":\\\"3\\\",\\\"oxi-tabs-head-title-margin-lap-right\\\":\\\"3\\\",\\\"oxi-tabs-head-title-margin-lap-bottom\\\":\\\"3\\\",\\\"oxi-tabs-head-title-margin-lap-left\\\":\\\"3\\\",\\\"oxi-tabs-head-title-margin-tab-choices\\\":\\\"px\\\",\\\"oxi-tabs-head-title-margin-tab-top\\\":\\\"\\\",\\\"oxi-tabs-head-title-margin-tab-right\\\":\\\"\\\",\\\"oxi-tabs-head-title-margin-tab-bottom\\\":\\\"\\\",\\\"oxi-tabs-head-title-margin-tab-left\\\":\\\"\\\",\\\"oxi-tabs-head-title-margin-mob-choices\\\":\\\"px\\\",\\\"oxi-tabs-head-title-margin-mob-top\\\":\\\"\\\",\\\"oxi-tabs-head-title-margin-mob-right\\\":\\\"\\\",\\\"oxi-tabs-head-title-margin-mob-bottom\\\":\\\"\\\",\\\"oxi-tabs-head-title-margin-mob-left\\\":\\\"\\\",\\\"oxi-tabs-head-sub-title-typho-font\\\":\\\"Open+Sans\\\",\\\"oxi-tabs-head-sub-title-typho-size-lap-choices\\\":\\\"px\\\",\\\"oxi-tabs-head-sub-title-typho-size-lap-size\\\":\\\"14\\\",\\\"oxi-tabs-head-sub-title-typho-size-tab-choices\\\":\\\"px\\\",\\\"oxi-tabs-head-sub-title-typho-size-tab-size\\\":\\\"\\\",\\\"oxi-tabs-head-sub-title-typho-size-mob-choices\\\":\\\"px\\\",\\\"oxi-tabs-head-sub-title-typho-size-mob-size\\\":\\\"\\\",\\\"oxi-tabs-head-sub-title-typho-weight\\\":\\\"\\\",\\\"oxi-tabs-head-sub-title-typho-transform\\\":\\\"\\\",\\\"oxi-tabs-head-sub-title-typho-style\\\":\\\"\\\",\\\"oxi-tabs-head-sub-title-typho-decoration\\\":\\\"\\\",\\\"oxi-tabs-head-sub-title-typho-align-lap\\\":\\\"\\\",\\\"oxi-tabs-head-sub-title-typho-align-tab\\\":\\\"\\\",\\\"oxi-tabs-head-sub-title-typho-align-mob\\\":\\\"\\\",\\\"oxi-tabs-head-sub-title-typho-l-height-lap-choices\\\":\\\"px\\\",\\\"oxi-tabs-head-sub-title-typho-l-height-lap-size\\\":\\\"\\\",\\\"oxi-tabs-head-sub-title-typho-l-height-tab-choices\\\":\\\"px\\\",\\\"oxi-tabs-head-sub-title-typho-l-height-tab-size\\\":\\\"\\\",\\\"oxi-tabs-head-sub-title-typho-l-height-mob-choices\\\":\\\"px\\\",\\\"oxi-tabs-head-sub-title-typho-l-height-mob-size\\\":\\\"\\\",\\\"oxi-tabs-head-sub-title-typho-l-spacing-lap-choices\\\":\\\"px\\\",\\\"oxi-tabs-head-sub-title-typho-l-spacing-lap-size\\\":\\\"\\\",\\\"oxi-tabs-head-sub-title-typho-l-spacing-tab-choices\\\":\\\"px\\\",\\\"oxi-tabs-head-sub-title-typho-l-spacing-tab-size\\\":\\\"\\\",\\\"oxi-tabs-head-sub-title-typho-l-spacing-mob-choices\\\":\\\"px\\\",\\\"oxi-tabs-head-sub-title-typho-l-spacing-mob-size\\\":\\\"\\\",\\\"oxi-tabs-head-sub-title-margin-lap-choices\\\":\\\"px\\\",\\\"oxi-tabs-head-sub-title-margin-lap-top\\\":\\\"2\\\",\\\"oxi-tabs-head-sub-title-margin-lap-right\\\":\\\"2\\\",\\\"oxi-tabs-head-sub-title-margin-lap-bottom\\\":\\\"2\\\",\\\"oxi-tabs-head-sub-title-margin-lap-left\\\":\\\"2\\\",\\\"oxi-tabs-head-sub-title-margin-tab-choices\\\":\\\"px\\\",\\\"oxi-tabs-head-sub-title-margin-tab-top\\\":\\\"\\\",\\\"oxi-tabs-head-sub-title-margin-tab-right\\\":\\\"\\\",\\\"oxi-tabs-head-sub-title-margin-tab-bottom\\\":\\\"\\\",\\\"oxi-tabs-head-sub-title-margin-tab-left\\\":\\\"\\\",\\\"oxi-tabs-head-sub-title-margin-mob-choices\\\":\\\"px\\\",\\\"oxi-tabs-head-sub-title-margin-mob-top\\\":\\\"\\\",\\\"oxi-tabs-head-sub-title-margin-mob-right\\\":\\\"\\\",\\\"oxi-tabs-head-sub-title-margin-mob-bottom\\\":\\\"\\\",\\\"oxi-tabs-head-sub-title-margin-mob-left\\\":\\\"\\\",\\\"oxi-tabs-head-icon-position\\\":\\\"simple\\\",\\\"oxi-tabs-head-icon-width-lap-choices\\\":\\\"px\\\",\\\"oxi-tabs-head-icon-width-lap-size\\\":\\\"\\\",\\\"oxi-tabs-head-icon-width-tab-choices\\\":\\\"px\\\",\\\"oxi-tabs-head-icon-width-tab-size\\\":\\\"40\\\",\\\"oxi-tabs-head-icon-width-mob-choices\\\":\\\"px\\\",\\\"oxi-tabs-head-icon-width-mob-size\\\":\\\"\\\",\\\"oxi-tabs-head-icon-height-lap-choices\\\":\\\"px\\\",\\\"oxi-tabs-head-icon-height-lap-size\\\":\\\"\\\",\\\"oxi-tabs-head-icon-height-tab-choices\\\":\\\"px\\\",\\\"oxi-tabs-head-icon-height-tab-size\\\":\\\"40\\\",\\\"oxi-tabs-head-icon-height-mob-choices\\\":\\\"px\\\",\\\"oxi-tabs-head-icon-height-mob-size\\\":\\\"\\\",\\\"oxi-tabs-head-icon-size-lap-choices\\\":\\\"px\\\",\\\"oxi-tabs-head-icon-size-lap-size\\\":\\\"16\\\",\\\"oxi-tabs-head-icon-size-tab-choices\\\":\\\"px\\\",\\\"oxi-tabs-head-icon-size-tab-size\\\":\\\"20\\\",\\\"oxi-tabs-head-icon-size-mob-choices\\\":\\\"px\\\",\\\"oxi-tabs-head-icon-size-mob-size\\\":\\\"\\\",\\\"oxi-tabs-head-icon-background\\\":\\\"rgba(255,255,255,1.00)\\\",\\\"oxi-tabs-head-icon-border-type\\\":\\\"\\\",\\\"oxi-tabs-head-icon-border-width-lap-choices\\\":\\\"px\\\",\\\"oxi-tabs-head-icon-border-width-lap-top\\\":\\\"\\\",\\\"oxi-tabs-head-icon-border-width-lap-right\\\":\\\"\\\",\\\"oxi-tabs-head-icon-border-width-lap-bottom\\\":\\\"\\\",\\\"oxi-tabs-head-icon-border-width-lap-left\\\":\\\"\\\",\\\"oxi-tabs-head-icon-border-width-tab-choices\\\":\\\"px\\\",\\\"oxi-tabs-head-icon-border-width-tab-top\\\":\\\"\\\",\\\"oxi-tabs-head-icon-border-width-tab-right\\\":\\\"\\\",\\\"oxi-tabs-head-icon-border-width-tab-bottom\\\":\\\"\\\",\\\"oxi-tabs-head-icon-border-width-tab-left\\\":\\\"\\\",\\\"oxi-tabs-head-icon-border-width-mob-choices\\\":\\\"px\\\",\\\"oxi-tabs-head-icon-border-width-mob-top\\\":\\\"\\\",\\\"oxi-tabs-head-icon-border-width-mob-right\\\":\\\"\\\",\\\"oxi-tabs-head-icon-border-width-mob-bottom\\\":\\\"\\\",\\\"oxi-tabs-head-icon-border-width-mob-left\\\":\\\"\\\",\\\"oxi-tabs-head-icon-border-color\\\":\\\"#ffffff\\\",\\\"oxi-tabs-head-icon-ac-background\\\":\\\"\\\",\\\"oxi-tabs-head-icon-ac-border-type\\\":\\\"\\\",\\\"oxi-tabs-head-icon-ac-border-width-lap-choices\\\":\\\"px\\\",\\\"oxi-tabs-head-icon-ac-border-width-lap-top\\\":\\\"\\\",\\\"oxi-tabs-head-icon-ac-border-width-lap-right\\\":\\\"\\\",\\\"oxi-tabs-head-icon-ac-border-width-lap-bottom\\\":\\\"\\\",\\\"oxi-tabs-head-icon-ac-border-width-lap-left\\\":\\\"\\\",\\\"oxi-tabs-head-icon-ac-border-width-tab-choices\\\":\\\"px\\\",\\\"oxi-tabs-head-icon-ac-border-width-tab-top\\\":\\\"\\\",\\\"oxi-tabs-head-icon-ac-border-width-tab-right\\\":\\\"\\\",\\\"oxi-tabs-head-icon-ac-border-width-tab-bottom\\\":\\\"\\\",\\\"oxi-tabs-head-icon-ac-border-width-tab-left\\\":\\\"\\\",\\\"oxi-tabs-head-icon-ac-border-width-mob-choices\\\":\\\"px\\\",\\\"oxi-tabs-head-icon-ac-border-width-mob-top\\\":\\\"\\\",\\\"oxi-tabs-head-icon-ac-border-width-mob-right\\\":\\\"\\\",\\\"oxi-tabs-head-icon-ac-border-width-mob-bottom\\\":\\\"\\\",\\\"oxi-tabs-head-icon-ac-border-width-mob-left\\\":\\\"\\\",\\\"oxi-tabs-head-icon-ac-border-color\\\":\\\"#ffffff\\\",\\\"oxi-tabs-head-icon-border-radius-lap-choices\\\":\\\"px\\\",\\\"oxi-tabs-head-icon-border-radius-lap-top\\\":\\\"\\\",\\\"oxi-tabs-head-icon-border-radius-lap-right\\\":\\\"\\\",\\\"oxi-tabs-head-icon-border-radius-lap-bottom\\\":\\\"\\\",\\\"oxi-tabs-head-icon-border-radius-lap-left\\\":\\\"\\\",\\\"oxi-tabs-head-icon-border-radius-tab-choices\\\":\\\"px\\\",\\\"oxi-tabs-head-icon-border-radius-tab-top\\\":\\\"50\\\",\\\"oxi-tabs-head-icon-border-radius-tab-right\\\":\\\"50\\\",\\\"oxi-tabs-head-icon-border-radius-tab-bottom\\\":\\\"50\\\",\\\"oxi-tabs-head-icon-border-radius-tab-left\\\":\\\"50\\\",\\\"oxi-tabs-head-icon-border-radius-mob-choices\\\":\\\"px\\\",\\\"oxi-tabs-head-icon-border-radius-mob-top\\\":\\\"\\\",\\\"oxi-tabs-head-icon-border-radius-mob-right\\\":\\\"\\\",\\\"oxi-tabs-head-icon-border-radius-mob-bottom\\\":\\\"\\\",\\\"oxi-tabs-head-icon-border-radius-mob-left\\\":\\\"\\\",\\\"oxi-tabs-head-icon-margin-lap-choices\\\":\\\"px\\\",\\\"oxi-tabs-head-icon-margin-lap-top\\\":\\\"4\\\",\\\"oxi-tabs-head-icon-margin-lap-right\\\":\\\"7\\\",\\\"oxi-tabs-head-icon-margin-lap-bottom\\\":\\\"4\\\",\\\"oxi-tabs-head-icon-margin-lap-left\\\":\\\"7\\\",\\\"oxi-tabs-head-icon-margin-tab-choices\\\":\\\"px\\\",\\\"oxi-tabs-head-icon-margin-tab-top\\\":\\\"\\\",\\\"oxi-tabs-head-icon-margin-tab-right\\\":\\\"\\\",\\\"oxi-tabs-head-icon-margin-tab-bottom\\\":\\\"\\\",\\\"oxi-tabs-head-icon-margin-tab-left\\\":\\\"\\\",\\\"oxi-tabs-head-icon-margin-mob-choices\\\":\\\"px\\\",\\\"oxi-tabs-head-icon-margin-mob-top\\\":\\\"\\\",\\\"oxi-tabs-head-icon-margin-mob-right\\\":\\\"\\\",\\\"oxi-tabs-head-icon-margin-mob-bottom\\\":\\\"\\\",\\\"oxi-tabs-head-icon-margin-mob-left\\\":\\\"\\\",\\\"oxi-tabs-head-number-interface\\\":\\\"simple\\\",\\\"oxi-tabs-head-number-width-lap-choices\\\":\\\"px\\\",\\\"oxi-tabs-head-number-width-lap-size\\\":\\\"\\\",\\\"oxi-tabs-head-number-width-tab-choices\\\":\\\"px\\\",\\\"oxi-tabs-head-number-width-tab-size\\\":\\\"\\\",\\\"oxi-tabs-head-number-width-mob-choices\\\":\\\"px\\\",\\\"oxi-tabs-head-number-width-mob-size\\\":\\\"\\\",\\\"oxi-tabs-head-number-height-lap-choices\\\":\\\"px\\\",\\\"oxi-tabs-head-number-height-lap-size\\\":\\\"\\\",\\\"oxi-tabs-head-number-height-tab-choices\\\":\\\"px\\\",\\\"oxi-tabs-head-number-height-tab-size\\\":\\\"\\\",\\\"oxi-tabs-head-number-height-mob-choices\\\":\\\"px\\\",\\\"oxi-tabs-head-number-height-mob-size\\\":\\\"\\\",\\\"oxi-tabs-head-number-typho-font\\\":\\\"Open+Sans\\\",\\\"oxi-tabs-head-number-typho-size-lap-choices\\\":\\\"px\\\",\\\"oxi-tabs-head-number-typho-size-lap-size\\\":\\\"18\\\",\\\"oxi-tabs-head-number-typho-size-tab-choices\\\":\\\"px\\\",\\\"oxi-tabs-head-number-typho-size-tab-size\\\":\\\"\\\",\\\"oxi-tabs-head-number-typho-size-mob-choices\\\":\\\"px\\\",\\\"oxi-tabs-head-number-typho-size-mob-size\\\":\\\"\\\",\\\"oxi-tabs-head-number-typho-weight\\\":\\\"\\\",\\\"oxi-tabs-head-number-typho-transform\\\":\\\"\\\",\\\"oxi-tabs-head-number-typho-style\\\":\\\"\\\",\\\"oxi-tabs-head-number-typho-decoration\\\":\\\"\\\",\\\"oxi-tabs-head-number-typho-l-height-lap-choices\\\":\\\"px\\\",\\\"oxi-tabs-head-number-typho-l-height-lap-size\\\":\\\"\\\",\\\"oxi-tabs-head-number-typho-l-height-tab-choices\\\":\\\"px\\\",\\\"oxi-tabs-head-number-typho-l-height-tab-size\\\":\\\"\\\",\\\"oxi-tabs-head-number-typho-l-height-mob-choices\\\":\\\"px\\\",\\\"oxi-tabs-head-number-typho-l-height-mob-size\\\":\\\"\\\",\\\"oxi-tabs-head-number-typho-l-spacing-lap-choices\\\":\\\"px\\\",\\\"oxi-tabs-head-number-typho-l-spacing-lap-size\\\":\\\"\\\",\\\"oxi-tabs-head-number-typho-l-spacing-tab-choices\\\":\\\"px\\\",\\\"oxi-tabs-head-number-typho-l-spacing-tab-size\\\":\\\"\\\",\\\"oxi-tabs-head-number-typho-l-spacing-mob-choices\\\":\\\"px\\\",\\\"oxi-tabs-head-number-typho-l-spacing-mob-size\\\":\\\"\\\",\\\"oxi-tabs-head-number-background\\\":\\\"\\\",\\\"oxi-tabs-head-number-border-type\\\":\\\"\\\",\\\"oxi-tabs-head-number-border-width-lap-choices\\\":\\\"px\\\",\\\"oxi-tabs-head-number-border-width-lap-top\\\":\\\"\\\",\\\"oxi-tabs-head-number-border-width-lap-right\\\":\\\"\\\",\\\"oxi-tabs-head-number-border-width-lap-bottom\\\":\\\"\\\",\\\"oxi-tabs-head-number-border-width-lap-left\\\":\\\"\\\",\\\"oxi-tabs-head-number-border-width-tab-choices\\\":\\\"px\\\",\\\"oxi-tabs-head-number-border-width-tab-top\\\":\\\"\\\",\\\"oxi-tabs-head-number-border-width-tab-right\\\":\\\"\\\",\\\"oxi-tabs-head-number-border-width-tab-bottom\\\":\\\"\\\",\\\"oxi-tabs-head-number-border-width-tab-left\\\":\\\"\\\",\\\"oxi-tabs-head-number-border-width-mob-choices\\\":\\\"px\\\",\\\"oxi-tabs-head-number-border-width-mob-top\\\":\\\"\\\",\\\"oxi-tabs-head-number-border-width-mob-right\\\":\\\"\\\",\\\"oxi-tabs-head-number-border-width-mob-bottom\\\":\\\"\\\",\\\"oxi-tabs-head-number-border-width-mob-left\\\":\\\"\\\",\\\"oxi-tabs-head-number-border-color\\\":\\\"#ffffff\\\",\\\"oxi-tabs-head-number-ac-background\\\":\\\"\\\",\\\"oxi-tabs-head-number-ac-border-type\\\":\\\"\\\",\\\"oxi-tabs-head-number-ac-border-width-lap-choices\\\":\\\"px\\\",\\\"oxi-tabs-head-number-ac-border-width-lap-top\\\":\\\"\\\",\\\"oxi-tabs-head-number-ac-border-width-lap-right\\\":\\\"\\\",\\\"oxi-tabs-head-number-ac-border-width-lap-bottom\\\":\\\"\\\",\\\"oxi-tabs-head-number-ac-border-width-lap-left\\\":\\\"\\\",\\\"oxi-tabs-head-number-ac-border-width-tab-choices\\\":\\\"px\\\",\\\"oxi-tabs-head-number-ac-border-width-tab-top\\\":\\\"\\\",\\\"oxi-tabs-head-number-ac-border-width-tab-right\\\":\\\"\\\",\\\"oxi-tabs-head-number-ac-border-width-tab-bottom\\\":\\\"\\\",\\\"oxi-tabs-head-number-ac-border-width-tab-left\\\":\\\"\\\",\\\"oxi-tabs-head-number-ac-border-width-mob-choices\\\":\\\"px\\\",\\\"oxi-tabs-head-number-ac-border-width-mob-top\\\":\\\"\\\",\\\"oxi-tabs-head-number-ac-border-width-mob-right\\\":\\\"\\\",\\\"oxi-tabs-head-number-ac-border-width-mob-bottom\\\":\\\"\\\",\\\"oxi-tabs-head-number-ac-border-width-mob-left\\\":\\\"\\\",\\\"oxi-tabs-head-number-ac-border-color\\\":\\\"#ffffff\\\",\\\"oxi-tabs-head-number-border-radius-lap-choices\\\":\\\"px\\\",\\\"oxi-tabs-head-number-border-radius-lap-top\\\":\\\"\\\",\\\"oxi-tabs-head-number-border-radius-lap-right\\\":\\\"\\\",\\\"oxi-tabs-head-number-border-radius-lap-bottom\\\":\\\"\\\",\\\"oxi-tabs-head-number-border-radius-lap-left\\\":\\\"\\\",\\\"oxi-tabs-head-number-border-radius-tab-choices\\\":\\\"px\\\",\\\"oxi-tabs-head-number-border-radius-tab-top\\\":\\\"\\\",\\\"oxi-tabs-head-number-border-radius-tab-right\\\":\\\"\\\",\\\"oxi-tabs-head-number-border-radius-tab-bottom\\\":\\\"\\\",\\\"oxi-tabs-head-number-border-radius-tab-left\\\":\\\"\\\",\\\"oxi-tabs-head-number-border-radius-mob-choices\\\":\\\"px\\\",\\\"oxi-tabs-head-number-border-radius-mob-top\\\":\\\"\\\",\\\"oxi-tabs-head-number-border-radius-mob-right\\\":\\\"\\\",\\\"oxi-tabs-head-number-border-radius-mob-bottom\\\":\\\"\\\",\\\"oxi-tabs-head-number-border-radius-mob-left\\\":\\\"\\\",\\\"oxi-tabs-head-number-margin-lap-choices\\\":\\\"px\\\",\\\"oxi-tabs-head-number-margin-lap-top\\\":\\\"4\\\",\\\"oxi-tabs-head-number-margin-lap-right\\\":\\\"4\\\",\\\"oxi-tabs-head-number-margin-lap-bottom\\\":\\\"4\\\",\\\"oxi-tabs-head-number-margin-lap-left\\\":\\\"4\\\",\\\"oxi-tabs-head-number-margin-tab-choices\\\":\\\"px\\\",\\\"oxi-tabs-head-number-margin-tab-top\\\":\\\"\\\",\\\"oxi-tabs-head-number-margin-tab-right\\\":\\\"\\\",\\\"oxi-tabs-head-number-margin-tab-bottom\\\":\\\"\\\",\\\"oxi-tabs-head-number-margin-tab-left\\\":\\\"\\\",\\\"oxi-tabs-head-number-margin-mob-choices\\\":\\\"px\\\",\\\"oxi-tabs-head-number-margin-mob-top\\\":\\\"\\\",\\\"oxi-tabs-head-number-margin-mob-right\\\":\\\"\\\",\\\"oxi-tabs-head-number-margin-mob-bottom\\\":\\\"\\\",\\\"oxi-tabs-head-number-margin-mob-left\\\":\\\"\\\",\\\"oxi-tabs-head-image-width-lap-choices\\\":\\\"px\\\",\\\"oxi-tabs-head-image-width-lap-size\\\":\\\"20\\\",\\\"oxi-tabs-head-image-width-tab-choices\\\":\\\"px\\\",\\\"oxi-tabs-head-image-width-tab-size\\\":\\\"\\\",\\\"oxi-tabs-head-image-width-mob-choices\\\":\\\"px\\\",\\\"oxi-tabs-head-image-width-mob-size\\\":\\\"\\\",\\\"oxi-tabs-head-image-border-type\\\":\\\"\\\",\\\"oxi-tabs-head-image-border-width-lap-choices\\\":\\\"px\\\",\\\"oxi-tabs-head-image-border-width-lap-top\\\":\\\"\\\",\\\"oxi-tabs-head-image-border-width-lap-right\\\":\\\"\\\",\\\"oxi-tabs-head-image-border-width-lap-bottom\\\":\\\"\\\",\\\"oxi-tabs-head-image-border-width-lap-left\\\":\\\"\\\",\\\"oxi-tabs-head-image-border-width-tab-choices\\\":\\\"px\\\",\\\"oxi-tabs-head-image-border-width-tab-top\\\":\\\"\\\",\\\"oxi-tabs-head-image-border-width-tab-right\\\":\\\"\\\",\\\"oxi-tabs-head-image-border-width-tab-bottom\\\":\\\"\\\",\\\"oxi-tabs-head-image-border-width-tab-left\\\":\\\"\\\",\\\"oxi-tabs-head-image-border-width-mob-choices\\\":\\\"px\\\",\\\"oxi-tabs-head-image-border-width-mob-top\\\":\\\"\\\",\\\"oxi-tabs-head-image-border-width-mob-right\\\":\\\"\\\",\\\"oxi-tabs-head-image-border-width-mob-bottom\\\":\\\"\\\",\\\"oxi-tabs-head-image-border-width-mob-left\\\":\\\"\\\",\\\"oxi-tabs-head-image-border-color\\\":\\\"#ffffff\\\",\\\"oxi-tabs-head-image-ac-border-type\\\":\\\"\\\",\\\"oxi-tabs-head-image-ac-border-width-lap-choices\\\":\\\"px\\\",\\\"oxi-tabs-head-image-ac-border-width-lap-top\\\":\\\"\\\",\\\"oxi-tabs-head-image-ac-border-width-lap-right\\\":\\\"\\\",\\\"oxi-tabs-head-image-ac-border-width-lap-bottom\\\":\\\"\\\",\\\"oxi-tabs-head-image-ac-border-width-lap-left\\\":\\\"\\\",\\\"oxi-tabs-head-image-ac-border-width-tab-choices\\\":\\\"px\\\",\\\"oxi-tabs-head-image-ac-border-width-tab-top\\\":\\\"\\\",\\\"oxi-tabs-head-image-ac-border-width-tab-right\\\":\\\"\\\",\\\"oxi-tabs-head-image-ac-border-width-tab-bottom\\\":\\\"\\\",\\\"oxi-tabs-head-image-ac-border-width-tab-left\\\":\\\"\\\",\\\"oxi-tabs-head-image-ac-border-width-mob-choices\\\":\\\"px\\\",\\\"oxi-tabs-head-image-ac-border-width-mob-top\\\":\\\"\\\",\\\"oxi-tabs-head-image-ac-border-width-mob-right\\\":\\\"\\\",\\\"oxi-tabs-head-image-ac-border-width-mob-bottom\\\":\\\"\\\",\\\"oxi-tabs-head-image-ac-border-width-mob-left\\\":\\\"\\\",\\\"oxi-tabs-head-image-ac-border-color\\\":\\\"#ffffff\\\",\\\"oxi-tabs-head-image-border-radius-lap-choices\\\":\\\"px\\\",\\\"oxi-tabs-head-image-border-radius-lap-top\\\":\\\"\\\",\\\"oxi-tabs-head-image-border-radius-lap-right\\\":\\\"\\\",\\\"oxi-tabs-head-image-border-radius-lap-bottom\\\":\\\"\\\",\\\"oxi-tabs-head-image-border-radius-lap-left\\\":\\\"\\\",\\\"oxi-tabs-head-image-border-radius-tab-choices\\\":\\\"px\\\",\\\"oxi-tabs-head-image-border-radius-tab-top\\\":\\\"\\\",\\\"oxi-tabs-head-image-border-radius-tab-right\\\":\\\"\\\",\\\"oxi-tabs-head-image-border-radius-tab-bottom\\\":\\\"\\\",\\\"oxi-tabs-head-image-border-radius-tab-left\\\":\\\"\\\",\\\"oxi-tabs-head-image-border-radius-mob-choices\\\":\\\"px\\\",\\\"oxi-tabs-head-image-border-radius-mob-top\\\":\\\"\\\",\\\"oxi-tabs-head-image-border-radius-mob-right\\\":\\\"\\\",\\\"oxi-tabs-head-image-border-radius-mob-bottom\\\":\\\"\\\",\\\"oxi-tabs-head-image-border-radius-mob-left\\\":\\\"\\\",\\\"oxi-tabs-head-image-margin-lap-choices\\\":\\\"px\\\",\\\"oxi-tabs-head-image-margin-lap-top\\\":\\\"4\\\",\\\"oxi-tabs-head-image-margin-lap-right\\\":\\\"4\\\",\\\"oxi-tabs-head-image-margin-lap-bottom\\\":\\\"4\\\",\\\"oxi-tabs-head-image-margin-lap-left\\\":\\\"4\\\",\\\"oxi-tabs-head-image-margin-tab-choices\\\":\\\"px\\\",\\\"oxi-tabs-head-image-margin-tab-top\\\":\\\"\\\",\\\"oxi-tabs-head-image-margin-tab-right\\\":\\\"\\\",\\\"oxi-tabs-head-image-margin-tab-bottom\\\":\\\"\\\",\\\"oxi-tabs-head-image-margin-tab-left\\\":\\\"\\\",\\\"oxi-tabs-head-image-margin-mob-choices\\\":\\\"px\\\",\\\"oxi-tabs-head-image-margin-mob-top\\\":\\\"\\\",\\\"oxi-tabs-head-image-margin-mob-right\\\":\\\"\\\",\\\"oxi-tabs-head-image-margin-mob-bottom\\\":\\\"\\\",\\\"oxi-tabs-head-image-margin-mob-left\\\":\\\"\\\",\\\"oxi-tabs-desc-content-height-lap\\\":\\\"no\\\",\\\"oxi-tabs-desc-general-boxshadow-type\\\":\\\"\\\",\\\"oxi-tabs-desc-general-boxshadow-horizontal-size\\\":\\\"2\\\",\\\"oxi-tabs-desc-general-boxshadow-vertical-size\\\":\\\"0\\\",\\\"oxi-tabs-desc-general-boxshadow-blur-size\\\":\\\"10\\\",\\\"oxi-tabs-desc-general-boxshadow-spread-size\\\":\\\"2\\\",\\\"oxi-tabs-desc-general-boxshadow-color\\\":\\\"rgba(214, 214, 214, 1)\\\",\\\"oxi-tabs-desc-general-border-type\\\":\\\"solid\\\",\\\"oxi-tabs-desc-general-border-width-lap-choices\\\":\\\"px\\\",\\\"oxi-tabs-desc-general-border-width-lap-top\\\":\\\"0\\\",\\\"oxi-tabs-desc-general-border-width-lap-right\\\":\\\"0\\\",\\\"oxi-tabs-desc-general-border-width-lap-bottom\\\":\\\"0\\\",\\\"oxi-tabs-desc-general-border-width-lap-left\\\":\\\"0\\\",\\\"oxi-tabs-desc-general-border-width-tab-choices\\\":\\\"px\\\",\\\"oxi-tabs-desc-general-border-width-tab-top\\\":\\\"\\\",\\\"oxi-tabs-desc-general-border-width-tab-right\\\":\\\"\\\",\\\"oxi-tabs-desc-general-border-width-tab-bottom\\\":\\\"\\\",\\\"oxi-tabs-desc-general-border-width-tab-left\\\":\\\"\\\",\\\"oxi-tabs-desc-general-border-width-mob-choices\\\":\\\"px\\\",\\\"oxi-tabs-desc-general-border-width-mob-top\\\":\\\"\\\",\\\"oxi-tabs-desc-general-border-width-mob-right\\\":\\\"\\\",\\\"oxi-tabs-desc-general-border-width-mob-bottom\\\":\\\"\\\",\\\"oxi-tabs-desc-general-border-width-mob-left\\\":\\\"\\\",\\\"oxi-tabs-desc-general-border-color\\\":\\\"#ffffff\\\",\\\"oxi-tabs-desc-general-radius-lap-choices\\\":\\\"px\\\",\\\"oxi-tabs-desc-general-radius-lap-top\\\":\\\"0\\\",\\\"oxi-tabs-desc-general-radius-lap-right\\\":\\\"0\\\",\\\"oxi-tabs-desc-general-radius-lap-bottom\\\":\\\"5\\\",\\\"oxi-tabs-desc-general-radius-lap-left\\\":\\\"5\\\",\\\"oxi-tabs-desc-general-radius-tab-choices\\\":\\\"px\\\",\\\"oxi-tabs-desc-general-radius-tab-top\\\":\\\"\\\",\\\"oxi-tabs-desc-general-radius-tab-right\\\":\\\"\\\",\\\"oxi-tabs-desc-general-radius-tab-bottom\\\":\\\"\\\",\\\"oxi-tabs-desc-general-radius-tab-left\\\":\\\"\\\",\\\"oxi-tabs-desc-general-radius-mob-choices\\\":\\\"px\\\",\\\"oxi-tabs-desc-general-radius-mob-top\\\":\\\"\\\",\\\"oxi-tabs-desc-general-radius-mob-right\\\":\\\"\\\",\\\"oxi-tabs-desc-general-radius-mob-bottom\\\":\\\"\\\",\\\"oxi-tabs-desc-general-radius-mob-left\\\":\\\"\\\",\\\"oxi-tabs-desc-general-padding-lap-choices\\\":\\\"px\\\",\\\"oxi-tabs-desc-general-padding-lap-top\\\":\\\"20\\\",\\\"oxi-tabs-desc-general-padding-lap-right\\\":\\\"20\\\",\\\"oxi-tabs-desc-general-padding-lap-bottom\\\":\\\"20\\\",\\\"oxi-tabs-desc-general-padding-lap-left\\\":\\\"20\\\",\\\"oxi-tabs-desc-general-padding-tab-choices\\\":\\\"px\\\",\\\"oxi-tabs-desc-general-padding-tab-top\\\":\\\"\\\",\\\"oxi-tabs-desc-general-padding-tab-right\\\":\\\"\\\",\\\"oxi-tabs-desc-general-padding-tab-bottom\\\":\\\"\\\",\\\"oxi-tabs-desc-general-padding-tab-left\\\":\\\"\\\",\\\"oxi-tabs-desc-general-padding-mob-choices\\\":\\\"px\\\",\\\"oxi-tabs-desc-general-padding-mob-top\\\":\\\"\\\",\\\"oxi-tabs-desc-general-padding-mob-right\\\":\\\"\\\",\\\"oxi-tabs-desc-general-padding-mob-bottom\\\":\\\"\\\",\\\"oxi-tabs-desc-general-padding-mob-left\\\":\\\"\\\",\\\"oxi-tabs-desc-tags-max\\\":\\\"50\\\",\\\"oxi-tabs-desc-tags-show-count\\\":\\\"1\\\",\\\"oxi-tabs-desc-tags-small\\\":\\\"13\\\",\\\"oxi-tabs-desc-tags-big\\\":\\\"25\\\",\\\"oxi-tabs-desc-tags-typho-font\\\":\\\"Open+Sans\\\",\\\"oxi-tabs-desc-tags-typho-weight\\\":\\\"\\\",\\\"oxi-tabs-desc-tags-typho-transform\\\":\\\"\\\",\\\"oxi-tabs-desc-tags-typho-style\\\":\\\"\\\",\\\"oxi-tabs-desc-tags-typho-decoration\\\":\\\"\\\",\\\"oxi-tabs-desc-tags-typho-l-height-lap-choices\\\":\\\"px\\\",\\\"oxi-tabs-desc-tags-typho-l-height-lap-size\\\":\\\"\\\",\\\"oxi-tabs-desc-tags-typho-l-height-tab-choices\\\":\\\"px\\\",\\\"oxi-tabs-desc-tags-typho-l-height-tab-size\\\":\\\"\\\",\\\"oxi-tabs-desc-tags-typho-l-height-mob-choices\\\":\\\"px\\\",\\\"oxi-tabs-desc-tags-typho-l-height-mob-size\\\":\\\"\\\",\\\"oxi-tabs-desc-tags-typho-l-spacing-lap-choices\\\":\\\"px\\\",\\\"oxi-tabs-desc-tags-typho-l-spacing-lap-size\\\":\\\"\\\",\\\"oxi-tabs-desc-tags-typho-l-spacing-tab-choices\\\":\\\"px\\\",\\\"oxi-tabs-desc-tags-typho-l-spacing-tab-size\\\":\\\"\\\",\\\"oxi-tabs-desc-tags-typho-l-spacing-mob-choices\\\":\\\"px\\\",\\\"oxi-tabs-desc-tags-typho-l-spacing-mob-size\\\":\\\"\\\",\\\"oxi-tabs-desc-tags-color\\\":\\\"#828282\\\",\\\"oxi-tabs-desc-tags-hover-color\\\":\\\"#ab00c9\\\",\\\"oxi-tabs-desc-tags-padding-lap-choices\\\":\\\"px\\\",\\\"oxi-tabs-desc-tags-padding-lap-top\\\":\\\"0\\\",\\\"oxi-tabs-desc-tags-padding-lap-right\\\":\\\"10\\\",\\\"oxi-tabs-desc-tags-padding-lap-bottom\\\":\\\"10\\\",\\\"oxi-tabs-desc-tags-padding-lap-left\\\":\\\"0\\\",\\\"oxi-tabs-desc-tags-padding-tab-choices\\\":\\\"px\\\",\\\"oxi-tabs-desc-tags-padding-tab-top\\\":\\\"\\\",\\\"oxi-tabs-desc-tags-padding-tab-right\\\":\\\"\\\",\\\"oxi-tabs-desc-tags-padding-tab-bottom\\\":\\\"\\\",\\\"oxi-tabs-desc-tags-padding-tab-left\\\":\\\"\\\",\\\"oxi-tabs-desc-tags-padding-mob-choices\\\":\\\"px\\\",\\\"oxi-tabs-desc-tags-padding-mob-top\\\":\\\"\\\",\\\"oxi-tabs-desc-tags-padding-mob-right\\\":\\\"\\\",\\\"oxi-tabs-desc-tags-padding-mob-bottom\\\":\\\"\\\",\\\"oxi-tabs-desc-tags-padding-mob-left\\\":\\\"\\\",\\\"oxi-tabs-desc-content-typho-font\\\":\\\"Open+Sans\\\",\\\"oxi-tabs-desc-content-typho-size-lap-choices\\\":\\\"px\\\",\\\"oxi-tabs-desc-content-typho-size-lap-size\\\":\\\"18\\\",\\\"oxi-tabs-desc-content-typho-size-tab-choices\\\":\\\"px\\\",\\\"oxi-tabs-desc-content-typho-size-tab-size\\\":\\\"\\\",\\\"oxi-tabs-desc-content-typho-size-mob-choices\\\":\\\"px\\\",\\\"oxi-tabs-desc-content-typho-size-mob-size\\\":\\\"\\\",\\\"oxi-tabs-desc-content-typho-weight\\\":\\\"300\\\",\\\"oxi-tabs-desc-content-typho-transform\\\":\\\"\\\",\\\"oxi-tabs-desc-content-typho-style\\\":\\\"\\\",\\\"oxi-tabs-desc-content-typho-decoration\\\":\\\"\\\",\\\"oxi-tabs-desc-content-typho-align-lap\\\":\\\"\\\",\\\"oxi-tabs-desc-content-typho-align-tab\\\":\\\"\\\",\\\"oxi-tabs-desc-content-typho-align-mob\\\":\\\"\\\",\\\"oxi-tabs-desc-content-typho-l-height-lap-choices\\\":\\\"px\\\",\\\"oxi-tabs-desc-content-typho-l-height-lap-size\\\":\\\"\\\",\\\"oxi-tabs-desc-content-typho-l-height-tab-choices\\\":\\\"px\\\",\\\"oxi-tabs-desc-content-typho-l-height-tab-size\\\":\\\"\\\",\\\"oxi-tabs-desc-content-typho-l-height-mob-choices\\\":\\\"px\\\",\\\"oxi-tabs-desc-content-typho-l-height-mob-size\\\":\\\"\\\",\\\"oxi-tabs-desc-content-typho-l-spacing-lap-choices\\\":\\\"px\\\",\\\"oxi-tabs-desc-content-typho-l-spacing-lap-size\\\":\\\"\\\",\\\"oxi-tabs-desc-content-typho-l-spacing-tab-choices\\\":\\\"px\\\",\\\"oxi-tabs-desc-content-typho-l-spacing-tab-size\\\":\\\"\\\",\\\"oxi-tabs-desc-content-typho-l-spacing-mob-choices\\\":\\\"px\\\",\\\"oxi-tabs-desc-content-typho-l-spacing-mob-size\\\":\\\"\\\",\\\"oxi-tabs-desc-content-color\\\":\\\"#ffffff\\\",\\\"oxi-tabs-desc-content-tx-shadow-color\\\":\\\"#ffffff\\\",\\\"oxi-tabs-desc-content-tx-shadow-blur-size\\\":\\\"0\\\",\\\"oxi-tabs-desc-content-tx-shadow-horizontal-size\\\":\\\"0\\\",\\\"oxi-tabs-desc-content-tx-shadow-vertical-size\\\":\\\"0\\\",\\\"oxi-tabs-desc-content-padding-lap-choices\\\":\\\"px\\\",\\\"oxi-tabs-desc-content-padding-lap-top\\\":\\\"\\\",\\\"oxi-tabs-desc-content-padding-lap-right\\\":\\\"\\\",\\\"oxi-tabs-desc-content-padding-lap-bottom\\\":\\\"\\\",\\\"oxi-tabs-desc-content-padding-lap-left\\\":\\\"\\\",\\\"oxi-tabs-desc-content-padding-tab-choices\\\":\\\"px\\\",\\\"oxi-tabs-desc-content-padding-tab-top\\\":\\\"\\\",\\\"oxi-tabs-desc-content-padding-tab-right\\\":\\\"\\\",\\\"oxi-tabs-desc-content-padding-tab-bottom\\\":\\\"\\\",\\\"oxi-tabs-desc-content-padding-tab-left\\\":\\\"\\\",\\\"oxi-tabs-desc-content-padding-mob-choices\\\":\\\"px\\\",\\\"oxi-tabs-desc-content-padding-mob-top\\\":\\\"\\\",\\\"oxi-tabs-desc-content-padding-mob-right\\\":\\\"\\\",\\\"oxi-tabs-desc-content-padding-mob-bottom\\\":\\\"\\\",\\\"oxi-tabs-desc-content-padding-mob-left\\\":\\\"\\\",\\\"oxi-tabs-desc-popular-post\\\":\\\"5\\\",\\\"oxi-tabs-desc-popular-thumb-condi\\\":\\\"1\\\",\\\"oxi-tabs-desc-popular-thumb-max\\\":\\\"65\\\",\\\"oxi-tabs-desc-popular-thumb\\\":\\\"thumbnail\\\",\\\"oxi-tabs-desc-popular-title-typo-font\\\":\\\"Open+Sans\\\",\\\"oxi-tabs-desc-popular-title-typo-size-lap-choices\\\":\\\"px\\\",\\\"oxi-tabs-desc-popular-title-typo-size-lap-size\\\":\\\"18\\\",\\\"oxi-tabs-desc-popular-title-typo-size-tab-choices\\\":\\\"px\\\",\\\"oxi-tabs-desc-popular-title-typo-size-tab-size\\\":\\\"\\\",\\\"oxi-tabs-desc-popular-title-typo-size-mob-choices\\\":\\\"px\\\",\\\"oxi-tabs-desc-popular-title-typo-size-mob-size\\\":\\\"\\\",\\\"oxi-tabs-desc-popular-title-typo-weight\\\":\\\"\\\",\\\"oxi-tabs-desc-popular-title-typo-transform\\\":\\\"\\\",\\\"oxi-tabs-desc-popular-title-typo-style\\\":\\\"\\\",\\\"oxi-tabs-desc-popular-title-typo-decoration\\\":\\\"\\\",\\\"oxi-tabs-desc-popular-title-typo-l-height-lap-choices\\\":\\\"px\\\",\\\"oxi-tabs-desc-popular-title-typo-l-height-lap-size\\\":\\\"\\\",\\\"oxi-tabs-desc-popular-title-typo-l-height-tab-choices\\\":\\\"px\\\",\\\"oxi-tabs-desc-popular-title-typo-l-height-tab-size\\\":\\\"\\\",\\\"oxi-tabs-desc-popular-title-typo-l-height-mob-choices\\\":\\\"px\\\",\\\"oxi-tabs-desc-popular-title-typo-l-height-mob-size\\\":\\\"\\\",\\\"oxi-tabs-desc-popular-title-typo-l-spacing-lap-choices\\\":\\\"px\\\",\\\"oxi-tabs-desc-popular-title-typo-l-spacing-lap-size\\\":\\\"\\\",\\\"oxi-tabs-desc-popular-title-typo-l-spacing-tab-choices\\\":\\\"px\\\",\\\"oxi-tabs-desc-popular-title-typo-l-spacing-tab-size\\\":\\\"\\\",\\\"oxi-tabs-desc-popular-title-typo-l-spacing-mob-choices\\\":\\\"px\\\",\\\"oxi-tabs-desc-popular-title-typo-l-spacing-mob-size\\\":\\\"\\\",\\\"oxi-tabs-desc-popular-title-color\\\":\\\"#32ded4\\\",\\\"oxi-tabs-desc-popular-title-h-color\\\":\\\"#ab00c9\\\",\\\"oxi-tabs-desc-popular-title-padding-lap-choices\\\":\\\"px\\\",\\\"oxi-tabs-desc-popular-title-padding-lap-top\\\":\\\"0\\\",\\\"oxi-tabs-desc-popular-title-padding-lap-right\\\":\\\"0\\\",\\\"oxi-tabs-desc-popular-title-padding-lap-bottom\\\":\\\"5\\\",\\\"oxi-tabs-desc-popular-title-padding-lap-left\\\":\\\"0\\\",\\\"oxi-tabs-desc-popular-title-padding-tab-choices\\\":\\\"px\\\",\\\"oxi-tabs-desc-popular-title-padding-tab-top\\\":\\\"\\\",\\\"oxi-tabs-desc-popular-title-padding-tab-right\\\":\\\"\\\",\\\"oxi-tabs-desc-popular-title-padding-tab-bottom\\\":\\\"\\\",\\\"oxi-tabs-desc-popular-title-padding-tab-left\\\":\\\"\\\",\\\"oxi-tabs-desc-popular-title-padding-mob-choices\\\":\\\"px\\\",\\\"oxi-tabs-desc-popular-title-padding-mob-top\\\":\\\"\\\",\\\"oxi-tabs-desc-popular-title-padding-mob-right\\\":\\\"\\\",\\\"oxi-tabs-desc-popular-title-padding-mob-bottom\\\":\\\"\\\",\\\"oxi-tabs-desc-popular-title-padding-mob-left\\\":\\\"\\\",\\\"oxi-tabs-desc-popular-meta-date\\\":\\\"1\\\",\\\"oxi-tabs-desc-popular-meta-comment\\\":\\\"1\\\",\\\"oxi-tabs-desc-popular-meta-typo-font\\\":\\\"Open+Sans\\\",\\\"oxi-tabs-desc-popular-meta-typo-size-lap-choices\\\":\\\"px\\\",\\\"oxi-tabs-desc-popular-meta-typo-size-lap-size\\\":\\\"13\\\",\\\"oxi-tabs-desc-popular-meta-typo-size-tab-choices\\\":\\\"px\\\",\\\"oxi-tabs-desc-popular-meta-typo-size-tab-size\\\":\\\"\\\",\\\"oxi-tabs-desc-popular-meta-typo-size-mob-choices\\\":\\\"px\\\",\\\"oxi-tabs-desc-popular-meta-typo-size-mob-size\\\":\\\"\\\",\\\"oxi-tabs-desc-popular-meta-typo-weight\\\":\\\"\\\",\\\"oxi-tabs-desc-popular-meta-typo-transform\\\":\\\"\\\",\\\"oxi-tabs-desc-popular-meta-typo-style\\\":\\\"\\\",\\\"oxi-tabs-desc-popular-meta-typo-decoration\\\":\\\"\\\",\\\"oxi-tabs-desc-popular-meta-typo-l-height-lap-choices\\\":\\\"px\\\",\\\"oxi-tabs-desc-popular-meta-typo-l-height-lap-size\\\":\\\"\\\",\\\"oxi-tabs-desc-popular-meta-typo-l-height-tab-choices\\\":\\\"px\\\",\\\"oxi-tabs-desc-popular-meta-typo-l-height-tab-size\\\":\\\"\\\",\\\"oxi-tabs-desc-popular-meta-typo-l-height-mob-choices\\\":\\\"px\\\",\\\"oxi-tabs-desc-popular-meta-typo-l-height-mob-size\\\":\\\"\\\",\\\"oxi-tabs-desc-popular-meta-typo-l-spacing-lap-choices\\\":\\\"px\\\",\\\"oxi-tabs-desc-popular-meta-typo-l-spacing-lap-size\\\":\\\"\\\",\\\"oxi-tabs-desc-popular-meta-typo-l-spacing-tab-choices\\\":\\\"px\\\",\\\"oxi-tabs-desc-popular-meta-typo-l-spacing-tab-size\\\":\\\"\\\",\\\"oxi-tabs-desc-popular-meta-typo-l-spacing-mob-choices\\\":\\\"px\\\",\\\"oxi-tabs-desc-popular-meta-typo-l-spacing-mob-size\\\":\\\"\\\",\\\"oxi-tabs-desc-popular-meta-color\\\":\\\"#828282\\\",\\\"oxi-tabs-desc-popular-meta-padding-lap-choices\\\":\\\"px\\\",\\\"oxi-tabs-desc-popular-meta-padding-lap-top\\\":\\\"0\\\",\\\"oxi-tabs-desc-popular-meta-padding-lap-right\\\":\\\"0\\\",\\\"oxi-tabs-desc-popular-meta-padding-lap-bottom\\\":\\\"5\\\",\\\"oxi-tabs-desc-popular-meta-padding-lap-left\\\":\\\"0\\\",\\\"oxi-tabs-desc-popular-meta-padding-tab-choices\\\":\\\"px\\\",\\\"oxi-tabs-desc-popular-meta-padding-tab-top\\\":\\\"\\\",\\\"oxi-tabs-desc-popular-meta-padding-tab-right\\\":\\\"\\\",\\\"oxi-tabs-desc-popular-meta-padding-tab-bottom\\\":\\\"\\\",\\\"oxi-tabs-desc-popular-meta-padding-tab-left\\\":\\\"\\\",\\\"oxi-tabs-desc-popular-meta-padding-mob-choices\\\":\\\"px\\\",\\\"oxi-tabs-desc-popular-meta-padding-mob-top\\\":\\\"\\\",\\\"oxi-tabs-desc-popular-meta-padding-mob-right\\\":\\\"\\\",\\\"oxi-tabs-desc-popular-meta-padding-mob-bottom\\\":\\\"\\\",\\\"oxi-tabs-desc-popular-meta-padding-mob-left\\\":\\\"\\\",\\\"oxi-tabs-desc-popular-content-lenth\\\":\\\"90\\\",\\\"oxi-tabs-desc-popular-content-typo-font\\\":\\\"\\\",\\\"oxi-tabs-desc-popular-content-typo-size-lap-choices\\\":\\\"px\\\",\\\"oxi-tabs-desc-popular-content-typo-size-lap-size\\\":\\\"\\\",\\\"oxi-tabs-desc-popular-content-typo-size-tab-choices\\\":\\\"px\\\",\\\"oxi-tabs-desc-popular-content-typo-size-tab-size\\\":\\\"\\\",\\\"oxi-tabs-desc-popular-content-typo-size-mob-choices\\\":\\\"px\\\",\\\"oxi-tabs-desc-popular-content-typo-size-mob-size\\\":\\\"\\\",\\\"oxi-tabs-desc-popular-content-typo-weight\\\":\\\"\\\",\\\"oxi-tabs-desc-popular-content-typo-transform\\\":\\\"\\\",\\\"oxi-tabs-desc-popular-content-typo-style\\\":\\\"\\\",\\\"oxi-tabs-desc-popular-content-typo-decoration\\\":\\\"\\\",\\\"oxi-tabs-desc-popular-content-typo-l-height-lap-choices\\\":\\\"px\\\",\\\"oxi-tabs-desc-popular-content-typo-l-height-lap-size\\\":\\\"\\\",\\\"oxi-tabs-desc-popular-content-typo-l-height-tab-choices\\\":\\\"px\\\",\\\"oxi-tabs-desc-popular-content-typo-l-height-tab-size\\\":\\\"\\\",\\\"oxi-tabs-desc-popular-content-typo-l-height-mob-choices\\\":\\\"px\\\",\\\"oxi-tabs-desc-popular-content-typo-l-height-mob-size\\\":\\\"\\\",\\\"oxi-tabs-desc-popular-content-typo-l-spacing-lap-choices\\\":\\\"px\\\",\\\"oxi-tabs-desc-popular-content-typo-l-spacing-lap-size\\\":\\\"\\\",\\\"oxi-tabs-desc-popular-content-typo-l-spacing-tab-choices\\\":\\\"px\\\",\\\"oxi-tabs-desc-popular-content-typo-l-spacing-tab-size\\\":\\\"\\\",\\\"oxi-tabs-desc-popular-content-typo-l-spacing-mob-choices\\\":\\\"px\\\",\\\"oxi-tabs-desc-popular-content-typo-l-spacing-mob-size\\\":\\\"\\\",\\\"oxi-tabs-desc-popular-content-color\\\":\\\"\\\",\\\"oxi-tabs-desc-popular-content-padding-lap-choices\\\":\\\"px\\\",\\\"oxi-tabs-desc-popular-content-padding-lap-top\\\":\\\"\\\",\\\"oxi-tabs-desc-popular-content-padding-lap-right\\\":\\\"\\\",\\\"oxi-tabs-desc-popular-content-padding-lap-bottom\\\":\\\"\\\",\\\"oxi-tabs-desc-popular-content-padding-lap-left\\\":\\\"\\\",\\\"oxi-tabs-desc-popular-content-padding-tab-choices\\\":\\\"px\\\",\\\"oxi-tabs-desc-popular-content-padding-tab-top\\\":\\\"\\\",\\\"oxi-tabs-desc-popular-content-padding-tab-right\\\":\\\"\\\",\\\"oxi-tabs-desc-popular-content-padding-tab-bottom\\\":\\\"\\\",\\\"oxi-tabs-desc-popular-content-padding-tab-left\\\":\\\"\\\",\\\"oxi-tabs-desc-popular-content-padding-mob-choices\\\":\\\"px\\\",\\\"oxi-tabs-desc-popular-content-padding-mob-top\\\":\\\"\\\",\\\"oxi-tabs-desc-popular-content-padding-mob-right\\\":\\\"\\\",\\\"oxi-tabs-desc-popular-content-padding-mob-bottom\\\":\\\"\\\",\\\"oxi-tabs-desc-popular-content-padding-mob-left\\\":\\\"\\\",\\\"oxi-tabs-desc-popular-padding-lap-choices\\\":\\\"px\\\",\\\"oxi-tabs-desc-popular-padding-lap-top\\\":\\\"0\\\",\\\"oxi-tabs-desc-popular-padding-lap-right\\\":\\\"0\\\",\\\"oxi-tabs-desc-popular-padding-lap-bottom\\\":\\\"15\\\",\\\"oxi-tabs-desc-popular-padding-lap-left\\\":\\\"0\\\",\\\"oxi-tabs-desc-popular-padding-tab-choices\\\":\\\"px\\\",\\\"oxi-tabs-desc-popular-padding-tab-top\\\":\\\"\\\",\\\"oxi-tabs-desc-popular-padding-tab-right\\\":\\\"\\\",\\\"oxi-tabs-desc-popular-padding-tab-bottom\\\":\\\"\\\",\\\"oxi-tabs-desc-popular-padding-tab-left\\\":\\\"\\\",\\\"oxi-tabs-desc-popular-padding-mob-choices\\\":\\\"px\\\",\\\"oxi-tabs-desc-popular-padding-mob-top\\\":\\\"\\\",\\\"oxi-tabs-desc-popular-padding-mob-right\\\":\\\"\\\",\\\"oxi-tabs-desc-popular-padding-mob-bottom\\\":\\\"\\\",\\\"oxi-tabs-desc-popular-padding-mob-left\\\":\\\"\\\",\\\"oxi-tabs-desc-recent-post\\\":\\\"5\\\",\\\"oxi-tabs-desc-recent-thumb-condi\\\":\\\"1\\\",\\\"oxi-tabs-desc-recent-thumb-max\\\":\\\"65\\\",\\\"oxi-tabs-desc-recent-thumb\\\":\\\"thumbnail\\\",\\\"oxi-tabs-desc-recent-title-typo-font\\\":\\\"Open+Sans\\\",\\\"oxi-tabs-desc-recent-title-typo-size-lap-choices\\\":\\\"px\\\",\\\"oxi-tabs-desc-recent-title-typo-size-lap-size\\\":\\\"18\\\",\\\"oxi-tabs-desc-recent-title-typo-size-tab-choices\\\":\\\"px\\\",\\\"oxi-tabs-desc-recent-title-typo-size-tab-size\\\":\\\"\\\",\\\"oxi-tabs-desc-recent-title-typo-size-mob-choices\\\":\\\"px\\\",\\\"oxi-tabs-desc-recent-title-typo-size-mob-size\\\":\\\"\\\",\\\"oxi-tabs-desc-recent-title-typo-weight\\\":\\\"\\\",\\\"oxi-tabs-desc-recent-title-typo-transform\\\":\\\"\\\",\\\"oxi-tabs-desc-recent-title-typo-style\\\":\\\"\\\",\\\"oxi-tabs-desc-recent-title-typo-decoration\\\":\\\"\\\",\\\"oxi-tabs-desc-recent-title-typo-l-height-lap-choices\\\":\\\"px\\\",\\\"oxi-tabs-desc-recent-title-typo-l-height-lap-size\\\":\\\"\\\",\\\"oxi-tabs-desc-recent-title-typo-l-height-tab-choices\\\":\\\"px\\\",\\\"oxi-tabs-desc-recent-title-typo-l-height-tab-size\\\":\\\"\\\",\\\"oxi-tabs-desc-recent-title-typo-l-height-mob-choices\\\":\\\"px\\\",\\\"oxi-tabs-desc-recent-title-typo-l-height-mob-size\\\":\\\"\\\",\\\"oxi-tabs-desc-recent-title-typo-l-spacing-lap-choices\\\":\\\"px\\\",\\\"oxi-tabs-desc-recent-title-typo-l-spacing-lap-size\\\":\\\"\\\",\\\"oxi-tabs-desc-recent-title-typo-l-spacing-tab-choices\\\":\\\"px\\\",\\\"oxi-tabs-desc-recent-title-typo-l-spacing-tab-size\\\":\\\"\\\",\\\"oxi-tabs-desc-recent-title-typo-l-spacing-mob-choices\\\":\\\"px\\\",\\\"oxi-tabs-desc-recent-title-typo-l-spacing-mob-size\\\":\\\"\\\",\\\"oxi-tabs-desc-recent-title-color\\\":\\\"#32ded4\\\",\\\"oxi-tabs-desc-recent-title-h-color\\\":\\\"#ab00c9\\\",\\\"oxi-tabs-desc-recent-title-padding-lap-choices\\\":\\\"px\\\",\\\"oxi-tabs-desc-recent-title-padding-lap-top\\\":\\\"0\\\",\\\"oxi-tabs-desc-recent-title-padding-lap-right\\\":\\\"0\\\",\\\"oxi-tabs-desc-recent-title-padding-lap-bottom\\\":\\\"5\\\",\\\"oxi-tabs-desc-recent-title-padding-lap-left\\\":\\\"0\\\",\\\"oxi-tabs-desc-recent-title-padding-tab-choices\\\":\\\"px\\\",\\\"oxi-tabs-desc-recent-title-padding-tab-top\\\":\\\"\\\",\\\"oxi-tabs-desc-recent-title-padding-tab-right\\\":\\\"\\\",\\\"oxi-tabs-desc-recent-title-padding-tab-bottom\\\":\\\"\\\",\\\"oxi-tabs-desc-recent-title-padding-tab-left\\\":\\\"\\\",\\\"oxi-tabs-desc-recent-title-padding-mob-choices\\\":\\\"px\\\",\\\"oxi-tabs-desc-recent-title-padding-mob-top\\\":\\\"\\\",\\\"oxi-tabs-desc-recent-title-padding-mob-right\\\":\\\"\\\",\\\"oxi-tabs-desc-recent-title-padding-mob-bottom\\\":\\\"\\\",\\\"oxi-tabs-desc-recent-title-padding-mob-left\\\":\\\"\\\",\\\"oxi-tabs-desc-recent-meta-date\\\":\\\"1\\\",\\\"oxi-tabs-desc-recent-meta-comment\\\":\\\"1\\\",\\\"oxi-tabs-desc-recent-meta-typo-font\\\":\\\"Open+Sans\\\",\\\"oxi-tabs-desc-recent-meta-typo-size-lap-choices\\\":\\\"px\\\",\\\"oxi-tabs-desc-recent-meta-typo-size-lap-size\\\":\\\"13\\\",\\\"oxi-tabs-desc-recent-meta-typo-size-tab-choices\\\":\\\"px\\\",\\\"oxi-tabs-desc-recent-meta-typo-size-tab-size\\\":\\\"\\\",\\\"oxi-tabs-desc-recent-meta-typo-size-mob-choices\\\":\\\"px\\\",\\\"oxi-tabs-desc-recent-meta-typo-size-mob-size\\\":\\\"\\\",\\\"oxi-tabs-desc-recent-meta-typo-weight\\\":\\\"300\\\",\\\"oxi-tabs-desc-recent-meta-typo-transform\\\":\\\"\\\",\\\"oxi-tabs-desc-recent-meta-typo-style\\\":\\\"\\\",\\\"oxi-tabs-desc-recent-meta-typo-decoration\\\":\\\"\\\",\\\"oxi-tabs-desc-recent-meta-typo-l-height-lap-choices\\\":\\\"px\\\",\\\"oxi-tabs-desc-recent-meta-typo-l-height-lap-size\\\":\\\"\\\",\\\"oxi-tabs-desc-recent-meta-typo-l-height-tab-choices\\\":\\\"px\\\",\\\"oxi-tabs-desc-recent-meta-typo-l-height-tab-size\\\":\\\"\\\",\\\"oxi-tabs-desc-recent-meta-typo-l-height-mob-choices\\\":\\\"px\\\",\\\"oxi-tabs-desc-recent-meta-typo-l-height-mob-size\\\":\\\"\\\",\\\"oxi-tabs-desc-recent-meta-typo-l-spacing-lap-choices\\\":\\\"px\\\",\\\"oxi-tabs-desc-recent-meta-typo-l-spacing-lap-size\\\":\\\"\\\",\\\"oxi-tabs-desc-recent-meta-typo-l-spacing-tab-choices\\\":\\\"px\\\",\\\"oxi-tabs-desc-recent-meta-typo-l-spacing-tab-size\\\":\\\"\\\",\\\"oxi-tabs-desc-recent-meta-typo-l-spacing-mob-choices\\\":\\\"px\\\",\\\"oxi-tabs-desc-recent-meta-typo-l-spacing-mob-size\\\":\\\"\\\",\\\"oxi-tabs-desc-recent-meta-color\\\":\\\"#828282\\\",\\\"oxi-tabs-desc-recent-meta-padding-lap-choices\\\":\\\"px\\\",\\\"oxi-tabs-desc-recent-meta-padding-lap-top\\\":\\\"0\\\",\\\"oxi-tabs-desc-recent-meta-padding-lap-right\\\":\\\"0\\\",\\\"oxi-tabs-desc-recent-meta-padding-lap-bottom\\\":\\\"0\\\",\\\"oxi-tabs-desc-recent-meta-padding-lap-left\\\":\\\"0\\\",\\\"oxi-tabs-desc-recent-meta-padding-tab-choices\\\":\\\"px\\\",\\\"oxi-tabs-desc-recent-meta-padding-tab-top\\\":\\\"\\\",\\\"oxi-tabs-desc-recent-meta-padding-tab-right\\\":\\\"\\\",\\\"oxi-tabs-desc-recent-meta-padding-tab-bottom\\\":\\\"\\\",\\\"oxi-tabs-desc-recent-meta-padding-tab-left\\\":\\\"\\\",\\\"oxi-tabs-desc-recent-meta-padding-mob-choices\\\":\\\"px\\\",\\\"oxi-tabs-desc-recent-meta-padding-mob-top\\\":\\\"\\\",\\\"oxi-tabs-desc-recent-meta-padding-mob-right\\\":\\\"\\\",\\\"oxi-tabs-desc-recent-meta-padding-mob-bottom\\\":\\\"\\\",\\\"oxi-tabs-desc-recent-meta-padding-mob-left\\\":\\\"\\\",\\\"oxi-tabs-desc-recent-content-lenth\\\":\\\"90\\\",\\\"oxi-tabs-desc-recent-content-typo-font\\\":\\\"Open+Sans\\\",\\\"oxi-tabs-desc-recent-content-typo-size-lap-choices\\\":\\\"px\\\",\\\"oxi-tabs-desc-recent-content-typo-size-lap-size\\\":\\\"16\\\",\\\"oxi-tabs-desc-recent-content-typo-size-tab-choices\\\":\\\"px\\\",\\\"oxi-tabs-desc-recent-content-typo-size-tab-size\\\":\\\"\\\",\\\"oxi-tabs-desc-recent-content-typo-size-mob-choices\\\":\\\"px\\\",\\\"oxi-tabs-desc-recent-content-typo-size-mob-size\\\":\\\"\\\",\\\"oxi-tabs-desc-recent-content-typo-weight\\\":\\\"\\\",\\\"oxi-tabs-desc-recent-content-typo-transform\\\":\\\"\\\",\\\"oxi-tabs-desc-recent-content-typo-style\\\":\\\"\\\",\\\"oxi-tabs-desc-recent-content-typo-decoration\\\":\\\"\\\",\\\"oxi-tabs-desc-recent-content-typo-l-height-lap-choices\\\":\\\"px\\\",\\\"oxi-tabs-desc-recent-content-typo-l-height-lap-size\\\":\\\"\\\",\\\"oxi-tabs-desc-recent-content-typo-l-height-tab-choices\\\":\\\"px\\\",\\\"oxi-tabs-desc-recent-content-typo-l-height-tab-size\\\":\\\"\\\",\\\"oxi-tabs-desc-recent-content-typo-l-height-mob-choices\\\":\\\"px\\\",\\\"oxi-tabs-desc-recent-content-typo-l-height-mob-size\\\":\\\"\\\",\\\"oxi-tabs-desc-recent-content-typo-l-spacing-lap-choices\\\":\\\"px\\\",\\\"oxi-tabs-desc-recent-content-typo-l-spacing-lap-size\\\":\\\"\\\",\\\"oxi-tabs-desc-recent-content-typo-l-spacing-tab-choices\\\":\\\"px\\\",\\\"oxi-tabs-desc-recent-content-typo-l-spacing-tab-size\\\":\\\"\\\",\\\"oxi-tabs-desc-recent-content-typo-l-spacing-mob-choices\\\":\\\"px\\\",\\\"oxi-tabs-desc-recent-content-typo-l-spacing-mob-size\\\":\\\"\\\",\\\"oxi-tabs-desc-recent-content-color\\\":\\\"#828282\\\",\\\"oxi-tabs-desc-recent-content-padding-lap-choices\\\":\\\"px\\\",\\\"oxi-tabs-desc-recent-content-padding-lap-top\\\":\\\"\\\",\\\"oxi-tabs-desc-recent-content-padding-lap-right\\\":\\\"\\\",\\\"oxi-tabs-desc-recent-content-padding-lap-bottom\\\":\\\"\\\",\\\"oxi-tabs-desc-recent-content-padding-lap-left\\\":\\\"\\\",\\\"oxi-tabs-desc-recent-content-padding-tab-choices\\\":\\\"px\\\",\\\"oxi-tabs-desc-recent-content-padding-tab-top\\\":\\\"\\\",\\\"oxi-tabs-desc-recent-content-padding-tab-right\\\":\\\"\\\",\\\"oxi-tabs-desc-recent-content-padding-tab-bottom\\\":\\\"\\\",\\\"oxi-tabs-desc-recent-content-padding-tab-left\\\":\\\"\\\",\\\"oxi-tabs-desc-recent-content-padding-mob-choices\\\":\\\"px\\\",\\\"oxi-tabs-desc-recent-content-padding-mob-top\\\":\\\"\\\",\\\"oxi-tabs-desc-recent-content-padding-mob-right\\\":\\\"\\\",\\\"oxi-tabs-desc-recent-content-padding-mob-bottom\\\":\\\"\\\",\\\"oxi-tabs-desc-recent-content-padding-mob-left\\\":\\\"\\\",\\\"oxi-tabs-desc-recent-padding-lap-choices\\\":\\\"px\\\",\\\"oxi-tabs-desc-recent-padding-lap-top\\\":\\\"\\\",\\\"oxi-tabs-desc-recent-padding-lap-right\\\":\\\"\\\",\\\"oxi-tabs-desc-recent-padding-lap-bottom\\\":\\\"\\\",\\\"oxi-tabs-desc-recent-padding-lap-left\\\":\\\"\\\",\\\"oxi-tabs-desc-recent-padding-tab-choices\\\":\\\"px\\\",\\\"oxi-tabs-desc-recent-padding-tab-top\\\":\\\"\\\",\\\"oxi-tabs-desc-recent-padding-tab-right\\\":\\\"\\\",\\\"oxi-tabs-desc-recent-padding-tab-bottom\\\":\\\"\\\",\\\"oxi-tabs-desc-recent-padding-tab-left\\\":\\\"\\\",\\\"oxi-tabs-desc-recent-padding-mob-choices\\\":\\\"px\\\",\\\"oxi-tabs-desc-recent-padding-mob-top\\\":\\\"\\\",\\\"oxi-tabs-desc-recent-padding-mob-right\\\":\\\"\\\",\\\"oxi-tabs-desc-recent-padding-mob-bottom\\\":\\\"\\\",\\\"oxi-tabs-desc-recent-padding-mob-left\\\":\\\"\\\",\\\"oxi-tabs-desc-comment-max\\\":\\\"5\\\",\\\"oxi-tabs-desc-comment-show-avatar\\\":\\\"1\\\",\\\"oxi-tabs-desc-comment-avatar-size\\\":\\\"65\\\",\\\"oxi-tabs-desc-comment-comment-lenth\\\":\\\"90\\\",\\\"oxi-tabs-desc-comment-typho-font\\\":\\\"Open+Sans\\\",\\\"oxi-tabs-desc-comment-typho-size-lap-choices\\\":\\\"px\\\",\\\"oxi-tabs-desc-comment-typho-size-lap-size\\\":\\\"18\\\",\\\"oxi-tabs-desc-comment-typho-size-tab-choices\\\":\\\"px\\\",\\\"oxi-tabs-desc-comment-typho-size-tab-size\\\":\\\"\\\",\\\"oxi-tabs-desc-comment-typho-size-mob-choices\\\":\\\"px\\\",\\\"oxi-tabs-desc-comment-typho-size-mob-size\\\":\\\"\\\",\\\"oxi-tabs-desc-comment-typho-weight\\\":\\\"\\\",\\\"oxi-tabs-desc-comment-typho-transform\\\":\\\"\\\",\\\"oxi-tabs-desc-comment-typho-style\\\":\\\"\\\",\\\"oxi-tabs-desc-comment-typho-decoration\\\":\\\"\\\",\\\"oxi-tabs-desc-comment-typho-l-height-lap-choices\\\":\\\"px\\\",\\\"oxi-tabs-desc-comment-typho-l-height-lap-size\\\":\\\"\\\",\\\"oxi-tabs-desc-comment-typho-l-height-tab-choices\\\":\\\"px\\\",\\\"oxi-tabs-desc-comment-typho-l-height-tab-size\\\":\\\"\\\",\\\"oxi-tabs-desc-comment-typho-l-height-mob-choices\\\":\\\"px\\\",\\\"oxi-tabs-desc-comment-typho-l-height-mob-size\\\":\\\"\\\",\\\"oxi-tabs-desc-comment-typho-l-spacing-lap-choices\\\":\\\"px\\\",\\\"oxi-tabs-desc-comment-typho-l-spacing-lap-size\\\":\\\"\\\",\\\"oxi-tabs-desc-comment-typho-l-spacing-tab-choices\\\":\\\"px\\\",\\\"oxi-tabs-desc-comment-typho-l-spacing-tab-size\\\":\\\"\\\",\\\"oxi-tabs-desc-comment-typho-l-spacing-mob-choices\\\":\\\"px\\\",\\\"oxi-tabs-desc-comment-typho-l-spacing-mob-size\\\":\\\"\\\",\\\"oxi-tabs-desc-comment-excerpt-typo-font\\\":\\\"Open+Sans\\\",\\\"oxi-tabs-desc-comment-excerpt-typo-size-lap-choices\\\":\\\"px\\\",\\\"oxi-tabs-desc-comment-excerpt-typo-size-lap-size\\\":\\\"16\\\",\\\"oxi-tabs-desc-comment-excerpt-typo-size-tab-choices\\\":\\\"px\\\",\\\"oxi-tabs-desc-comment-excerpt-typo-size-tab-size\\\":\\\"\\\",\\\"oxi-tabs-desc-comment-excerpt-typo-size-mob-choices\\\":\\\"px\\\",\\\"oxi-tabs-desc-comment-excerpt-typo-size-mob-size\\\":\\\"\\\",\\\"oxi-tabs-desc-comment-excerpt-typo-weight\\\":\\\"\\\",\\\"oxi-tabs-desc-comment-excerpt-typo-transform\\\":\\\"\\\",\\\"oxi-tabs-desc-comment-excerpt-typo-style\\\":\\\"\\\",\\\"oxi-tabs-desc-comment-excerpt-typo-decoration\\\":\\\"\\\",\\\"oxi-tabs-desc-comment-excerpt-typo-l-height-lap-choices\\\":\\\"px\\\",\\\"oxi-tabs-desc-comment-excerpt-typo-l-height-lap-size\\\":\\\"\\\",\\\"oxi-tabs-desc-comment-excerpt-typo-l-height-tab-choices\\\":\\\"px\\\",\\\"oxi-tabs-desc-comment-excerpt-typo-l-height-tab-size\\\":\\\"\\\",\\\"oxi-tabs-desc-comment-excerpt-typo-l-height-mob-choices\\\":\\\"px\\\",\\\"oxi-tabs-desc-comment-excerpt-typo-l-height-mob-size\\\":\\\"\\\",\\\"oxi-tabs-desc-comment-excerpt-typo-l-spacing-lap-choices\\\":\\\"px\\\",\\\"oxi-tabs-desc-comment-excerpt-typo-l-spacing-lap-size\\\":\\\"\\\",\\\"oxi-tabs-desc-comment-excerpt-typo-l-spacing-tab-choices\\\":\\\"px\\\",\\\"oxi-tabs-desc-comment-excerpt-typo-l-spacing-tab-size\\\":\\\"\\\",\\\"oxi-tabs-desc-comment-excerpt-typo-l-spacing-mob-choices\\\":\\\"px\\\",\\\"oxi-tabs-desc-comment-excerpt-typo-l-spacing-mob-size\\\":\\\"\\\",\\\"oxi-tabs-desc-comment-title-color\\\":\\\"#32ded4\\\",\\\"oxi-tabs-desc-comment-comment-color\\\":\\\"#828282\\\",\\\"oxi-tabs-desc-comment-title-hover-color\\\":\\\"#ab00c9\\\",\\\"oxi-tabs-desc-comment-padding-lap-choices\\\":\\\"px\\\",\\\"oxi-tabs-desc-comment-padding-lap-top\\\":\\\"0\\\",\\\"oxi-tabs-desc-comment-padding-lap-right\\\":\\\"0\\\",\\\"oxi-tabs-desc-comment-padding-lap-bottom\\\":\\\"10\\\",\\\"oxi-tabs-desc-comment-padding-lap-left\\\":\\\"0\\\",\\\"oxi-tabs-desc-comment-padding-tab-choices\\\":\\\"px\\\",\\\"oxi-tabs-desc-comment-padding-tab-top\\\":\\\"\\\",\\\"oxi-tabs-desc-comment-padding-tab-right\\\":\\\"\\\",\\\"oxi-tabs-desc-comment-padding-tab-bottom\\\":\\\"\\\",\\\"oxi-tabs-desc-comment-padding-tab-left\\\":\\\"\\\",\\\"oxi-tabs-desc-comment-padding-mob-choices\\\":\\\"px\\\",\\\"oxi-tabs-desc-comment-padding-mob-top\\\":\\\"\\\",\\\"oxi-tabs-desc-comment-padding-mob-right\\\":\\\"\\\",\\\"oxi-tabs-desc-comment-padding-mob-bottom\\\":\\\"\\\",\\\"oxi-tabs-desc-comment-padding-mob-left\\\":\\\"\\\",\\\"oxi-tabs-custom-css\\\":\\\"@import url(https:\/\/fonts.googleapis.com\/css?family=Open+Sans:400italic);.otro-blockquote{ font-size: 1.2em;  width:95%;  margin:50px auto;  font-family:Open Sans;  font-style:italic;  color: #555555;  padding:1.2em 30px 1.2em 75px;  border-left:8px solid #78C0A8 ;  line-height:1.6;  position: relative;  background:#EDEDED;}.otro-blockquote::before{  font-family:Arial;  content: \\\\\\\"\\\\\\\\201C\\\\\\\";  color:#78C0A8;  font-size:4em;  position: absolute;  left: 10px;  top:-10px;}.otro-blockquote::after{  content: \\'\\';}.otro-blockquote span{  display:block;  color:#333333;  font-style: normal;  font-weight: bold;  margin-top:1em;}blockquote.default{  display:block;  background: #fff;  padding: 15px 20px 15px 45px;  margin: 0 0 20px;  position: relative;  font-family: Georgia, serif;  font-size: 14px;  line-height: 1.2;  color: #666;  -moz-box-shadow: 2px 2px 15px #ccc;  -webkit-box-shadow: 2px 2px 15px #ccc;  box-shadow: 2px 2px 15px #ccc;  border-left-style: solid;  border-left-width: 15px;  border-right-style: solid;  border-right-width: 2px;    }blockquote.default::before{  content: \\\\\\\"\\\\\\\\201C\\\\\\\";  font-family: Georgia, serif;  font-size: 60px;  font-weight: bold;  color: #999;  position: absolute;  left: 10px;  top:5px;}blockquote.default::after{  content: \\\\\\\"\\\\\\\";}blockquote.default a{  text-decoration: none;  background: #eee;  cursor: pointer;  padding: 0 3px;  color: #c76c0c;}blockquote.default a:hover{ color: #666;}blockquote em{  font-style: italic;}blockquote.default{   border-left-color: #656d77;  border-right-color: #434a53;  }.default .heading{   font-family:Montez;   text-align:center;   font-size:30px;}.default code{  color:#da4453;}.default span{  font-weight:bolder;  }.default h1{  text-align:left;  font-size:16px;  font-family: \\'Francois One\\', sans-serif;}.default span.Cdefault{  color:#434a53;}\\\\r\\\\n .oxi-addons-container .oxi-tabs-ultimate-content * p {\\\\r\\\\n    display: block;\\\\r\\\\n}\\\",\\\"oxilab-preview-color\\\":\\\"#FFF\\\",\\\"style-id\\\":\\\"178\\\",\\\"style-name\\\":\\\"Style18\\\",\\\"style-changing-trigger\\\":\\\"\\\",\\\"oxi-tabs-desc-general-boxshadow-shadow\\\":\\\"0\\\"}","stylesheet":".oxi-tabs-wrapper-178 .oxi-addons-row  .oxi-tabs-ultimate-style .oxi-tabs-header-li{border-style: solid;border-width: 5px 0px 0px 0px;border-color: #7e0de0;border-radius:0px 0px 0px 0px;padding:15px 25px 15px 25px;}.oxi-tabs-wrapper-178 .oxi-addons-row .oxi-tabs-ultimate-style .oxi-tabs-header-li{margin:0px 10px 0px 0px;}.oxi-tabs-wrapper-178 .oxi-addons-row .oxi-tabs-ultimate-style .oxi-tabs-main-title{font-family:'Open Sans';font-size: 18px;margin:3px 3px 3px 3px;}.oxi-tabs-wrapper-178 .oxi-addons-row .oxi-tabs-ultimate-style .oxi-tabs-sub-title{font-family:'Open Sans';font-size: 14px;margin:2px 2px 2px 2px;}.oxi-tabs-wrapper-178 .oxi-addons-row .oxi-tabs-ultimate-style .oxi-tabs-header-li .oxi-icons{font-size:16px;margin:4px 7px 4px 7px;}.oxi-tabs-wrapper-178 .oxi-addons-row .oxi-tabs-ultimate-style .oxi-tabs-header-li-number{font-family:'Open Sans';font-size: 18px;margin:4px 4px 4px 4px;}.oxi-tabs-wrapper-178 .oxi-addons-row .oxi-tabs-ultimate-style .oxi-tabs-header-li .oxi-tabs-header-li-image{width:20px;}.oxi-tabs-wrapper-178 .oxi-addons-row .oxi-tabs-ultimate-style .oxi-tabs-header-li-image{margin:4px 4px 4px 4px;}.oxi-tabs-wrapper-178 .oxi-addons-row .oxi-tabs-ultimate-style .oxi-tabs-ultimate-content{border-style: solid;border-width: 0px 0px 0px 0px;border-color: #ffffff;border-radius:0px 0px 5px 5px;}.oxi-tabs-wrapper-178 .oxi-addons-row .oxi-tabs-ultimate-style .oxi-tabs-body-tabs{padding:20px 20px 20px 20px;font-family:'Open Sans';font-size: 18px;font-weight: 300;color: #ffffff;}.oxi-tabs-wrapper-178 .oxi-addons-row .oxi-tabs-ultimate-style .oxi-tabs-body-tabs .tag-cloud-link{font-family:'Open Sans';color: #828282;padding:0px 10px 10px 0px;display: inline-block;}.oxi-tabs-wrapper-178 .oxi-addons-row .oxi-tabs-ultimate-style .oxi-tabs-body-tabs .tag-cloud-link:hover{color: #ab00c9;}.oxi-tabs-wrapper-178 .oxi-addons-row .oxi-tabs-ultimate-style .oxi-tabs-body-tabs p{font-family:'Open Sans';font-size: 18px;font-weight: 300;color: #ffffff;}.oxi-tabs-wrapper-178 .oxi-addons-row .oxi-tabs-popular-post .oxi-tabs-popular-avatar{max-width:65px;}.oxi-tabs-wrapper-178 .oxi-addons-row .oxi-tabs-popular-body .oxi-tabs-popular-meta a{font-family:'Open Sans';font-size: 18px;color:#32ded4;}.oxi-tabs-wrapper-178 .oxi-addons-row .oxi-tabs-popular-body .oxi-tabs-popular-meta a:hover{color:#ab00c9;}.oxi-tabs-wrapper-178 .oxi-addons-row .oxi-tabs-popular-body .oxi-tabs-popular-meta{padding:0px 0px 5px 0px;}.oxi-tabs-wrapper-178 .oxi-addons-row .oxi-tabs-popular-body .oxi-tabs-popular-postmeta{font-family:'Open Sans';font-size: 13px;color:#828282;padding:0px 0px 5px 0px;}.oxi-tabs-wrapper-178 .oxi-addons-row .oxi-tabs-popular-postmeta .oxi-tabs-popular-date{font-family:'Open Sans';font-size: 13px;color:#828282;}.oxi-tabs-wrapper-178 .oxi-addons-row .oxi-tabs-popular-postmeta .oxi-tabs-popular-comment{font-family:'Open Sans';font-size: 13px;color:#828282;}.oxi-tabs-wrapper-178 .oxi-addons-row .oxi-tabs-ultimate-style .oxi-tabs-popular-post{padding:0px 0px 15px 0px;}.oxi-tabs-wrapper-178 .oxi-addons-row .oxi-tabs-recent-post .oxi-tabs-recent-avatar{max-width:65px;}.oxi-tabs-wrapper-178 .oxi-addons-row .oxi-tabs-recent-body .oxi-tabs-recent-meta a{font-family:'Open Sans';font-size: 18px;color:#32ded4;}.oxi-tabs-wrapper-178 .oxi-addons-row .oxi-tabs-recent-body .oxi-tabs-recent-meta a:hover{color:#ab00c9;}.oxi-tabs-wrapper-178 .oxi-addons-row .oxi-tabs-recent-body .oxi-tabs-recent-meta{padding:0px 0px 5px 0px;}.oxi-tabs-wrapper-178 .oxi-addons-row .oxi-tabs-recent-body .oxi-tabs-recent-postmeta{font-family:'Open Sans';font-size: 13px;font-weight: 300;color:#828282;padding:0px 0px 0px 0px;}.oxi-tabs-wrapper-178 .oxi-addons-row .oxi-tabs-recent-postmeta .oxi-tabs-recent-date{font-family:'Open Sans';font-size: 13px;font-weight: 300;color:#828282;}.oxi-tabs-wrapper-178 .oxi-addons-row .oxi-tabs-recent-postmeta .oxi-tabs-recent-comment{font-family:'Open Sans';font-size: 13px;font-weight: 300;color:#828282;}.oxi-tabs-wrapper-178 .oxi-addons-row .oxi-tabs-recent-body .oxi-tabs-recent-content{font-family:'Open Sans';font-size: 16px;color:#828282;}.oxi-tabs-wrapper-178 .oxi-addons-row .oxi-tabs-ultimate-style span.oxi-tabs-comment-author{font-family:'Open Sans';font-size: 18px;color:#32ded4;}.oxi-tabs-wrapper-178 .oxi-addons-row .oxi-tabs-ultimate-style .oxi-tabs-comment-meta a{font-family:'Open Sans';font-size: 18px;color:#32ded4;}.oxi-tabs-wrapper-178 .oxi-addons-row .oxi-tabs-ultimate-style a span.oxi-tabs-comment-post{font-family:'Open Sans';font-size: 18px;color:#32ded4;}.oxi-tabs-wrapper-178 .oxi-addons-row .oxi-tabs-ultimate-style .oxi-tabs-comment-body .oxi-tabs-comment-content{font-family:'Open Sans';font-size: 16px;color:#828282;}.oxi-tabs-wrapper-178 .oxi-addons-row .oxi-tabs-ultimate-style span.oxi-tabs-comment-author:hover{color:#ab00c9;}.oxi-tabs-wrapper-178 .oxi-addons-row .oxi-tabs-ultimate-style .oxi-tabs-comment-meta a:hover{color:#ab00c9;}.oxi-tabs-wrapper-178 .oxi-addons-row .oxi-tabs-ultimate-style a span.oxi-tabs-comment-post:hover{color:#ab00c9;}.oxi-tabs-wrapper-178 .oxi-addons-row .oxi-tabs-ultimate-style .oxi-tabs-comment{padding:0px 0px 10px 0px;}@media only screen and (min-width : 769px) and (max-width : 993px){.oxi-tabs-wrapper-178 .oxi-addons-row .oxi-tabs-ultimate-style .oxi-tabs-main-title{font-size: 18px;text-align: center;}.oxi-tabs-wrapper-178 .oxi-addons-row .oxi-tabs-ultimate-style .oxi-tabs-header-li .oxi-icons{font-size:20px;}}@media only screen and (max-width : 768px){.oxi-tabs-wrapper-178 .oxi-addons-row .oxi-tabs-ultimate-style .oxi-tabs-main-title{font-size: 14px;text-align: center;}}","font_family":"{\"Open+Sans\":\"Open+Sans\"}","type":"Tabs"},"child":[{"id":"798","styleid":"178","rawdata":"{\\\"oxi-tabs-modal-title\\\":\\\"Html\\\",\\\"oxi-tabs-modal-sub-title\\\":\\\"\\\",\\\"oxi-tabs-modal-title-additional\\\":\\\"icon\\\",\\\"oxi-tabs-modal-icon\\\":\\\"fas fa-code\\\",\\\"oxi-tabs-modal-number\\\":\\\"1\\\",\\\"oxi-tabs-modal-image-select\\\":\\\"media-library\\\",\\\"oxi-tabs-modal-image-image\\\":\\\"\\\",\\\"oxi-tabs-modal-image-image-alt\\\":\\\"\\\",\\\"oxi-tabs-modal-image-url\\\":\\\"\\\",\\\"oxi-tabs-modal-color\\\":\\\"#ffffff\\\",\\\"oxi-tabs-modal-bg-color\\\":\\\"#5c0073\\\",\\\"oxi-tabs-modal-components-type\\\":\\\"wysiwyg\\\",\\\"oxi-tabs-modal-link-url\\\":\\\"\\\",\\\"oxi-tabs-modal-desc\\\":\\\"<p>Etiam laoreet nisl non nibh commodo, in cursus tellus mollis. In tincidunt scelerisque arcu, quis cursus sapien eleifend eu. Sed quis sem egestas, aliquet nunc ornare, vulputate nisl. Proin in ullamcorper libero. Curabitur sollicitudin lectus ligula, eu fermentum augue hendrerit nec.<\/p>\\\\r\\\\n<blockquote class=\\\\\\\"otro-blockquote\\\\\\\">Creativity is just connecting things. When you ask creative people how they did something, they feel a little guilty because they didn\\'t really do it, they just saw something. It seemed obvious to them after a while. That\\'s because they were able to connect experiences they\\'ve had and synthesize new things. Steve Jobs<\/blockquote>\\\\r\\\\n<p>Suspendisse potenti. Aliquam rutrum massa consectetur, tempor ipsum eget, pellentesque elit. Maecenas ornare, dolor quis sagittis finibus, urna velit ultrices tellus, eu volutpat est libero vitae tortor. Nullam a libero interdum, commodo tellus ut, placerat tellus. Integer quis enim odio. Sed interdum purus a tempus semper.<\/p>\\\",\\\"shortcodeitemid\\\":\\\"798\\\",\\\"oxi-tabs-modal-link-target\\\":\\\"0\\\"}"},{"id":"799","styleid":"178","rawdata":"{\\\"oxi-tabs-modal-title\\\":\\\"Image\\\",\\\"oxi-tabs-modal-sub-title\\\":\\\"\\\",\\\"oxi-tabs-modal-title-additional\\\":\\\"icon\\\",\\\"oxi-tabs-modal-icon\\\":\\\"far fa-images\\\",\\\"oxi-tabs-modal-number\\\":\\\"1\\\",\\\"oxi-tabs-modal-image-select\\\":\\\"media-library\\\",\\\"oxi-tabs-modal-image-image\\\":\\\"http:\/\/127.0.0.1\/wordpress\/wp-content\/uploads\/2020\/02\/product-mug10-1.jpg\\\",\\\"oxi-tabs-modal-image-image-alt\\\":\\\"\\\",\\\"oxi-tabs-modal-image-url\\\":\\\"\\\",\\\"oxi-tabs-modal-color\\\":\\\"#ffffff\\\",\\\"oxi-tabs-modal-bg-color\\\":\\\"#002e73\\\",\\\"oxi-tabs-modal-components-type\\\":\\\"wysiwyg\\\",\\\"oxi-tabs-modal-link-url\\\":\\\"\\\",\\\"oxi-tabs-modal-desc\\\":\\\"<p><img class=\\\\\\\"alignleft wp-image-236\\\\\\\" style=\\\\\\\"float: left; margin-right: 20px; margin-bottom: 20px;\\\\\\\" src=\\\\\\\"https:\/\/oxilab.org\/responsive-tabs\/wp-content\/uploads\/2020\/09\/office_1601324395-300x200.jpeg\\\\\\\" alt=\\\\\\\"\\\\\\\" width=\\\\\\\"500\\\\\\\" height=\\\\\\\"334\\\\\\\" \/><\/p>\\\\r\\\\n<p>Sed id iaculis mauris. Cras in porta odio. Aenean elementum vulputate mi, eu ultrices nulla tincidunt nec. Sed tincidunt id dolor eu laoreet. Praesent aliquet convallis enim vitae auctor.Aliquam erat volutpat.<\/p>\\\\r\\\\n<p>Curabitur viverra consectetur dolor laoreet dictum. Fusce ut urna nec orci tempor suscipit ac eu lacus. Nulla egestas felis ut tortor pretium accumsan. Nulla ac ante ultricies, pellentesque dui faucibus, rutrum lectus. Vivamus sit amet ultricies ligula.<\/p>\\\\r\\\\n<p>Ut hendrerit quis massa vel sagittis. Curabitur ipsum tortor, pretium vel volutpat elementum, rhoncus quis risus. Pellentesque in tortor eget nunc condimentum sagittis et eu diam. Aenean mollis metus pretium ligula blandit hendrerit. Sed sed malesuada diam.<\/p>\\\",\\\"shortcodeitemid\\\":\\\"799\\\",\\\"oxi-tabs-modal-link-target\\\":\\\"0\\\"}"},{"id":"800","styleid":"178","rawdata":"{\\\"oxi-tabs-modal-title\\\":\\\"Video\\\",\\\"oxi-tabs-modal-sub-title\\\":\\\"\\\",\\\"oxi-tabs-modal-title-additional\\\":\\\"icon\\\",\\\"oxi-tabs-modal-icon\\\":\\\"fas fa-file-video\\\",\\\"oxi-tabs-modal-number\\\":\\\"1\\\",\\\"oxi-tabs-modal-image-select\\\":\\\"media-library\\\",\\\"oxi-tabs-modal-image-image\\\":\\\"\\\",\\\"oxi-tabs-modal-image-image-alt\\\":\\\"\\\",\\\"oxi-tabs-modal-image-url\\\":\\\"\\\",\\\"oxi-tabs-modal-color\\\":\\\"#ffffff\\\",\\\"oxi-tabs-modal-bg-color\\\":\\\"#00732a\\\",\\\"oxi-tabs-modal-components-type\\\":\\\"wysiwyg\\\",\\\"oxi-tabs-modal-link-url\\\":\\\"\\\",\\\"oxi-tabs-modal-desc\\\":\\\"<p><iframe style=\\\\\\\"float: left; margin-right: 20px; margin-bottom: 20px; max-width: 500px;\\\\\\\" src=\\\\\\\"https:\/\/www.youtube.com\/embed\/-Ed-GNq2EyU\\\\\\\" width=\\\\\\\"560\\\\\\\" height=\\\\\\\"315\\\\\\\" frameborder=\\\\\\\"0\\\\\\\" allowfullscreen=\\\\\\\"allowfullscreen\\\\\\\"><\/iframe><\/p>\\\\r\\\\n<p>Dolor sit amet, consectetur adipiscing elit. Etiam et fermentum dui. Ut orci quam, ornare sed lorem sed, hendrerit auctor dolor. Nulla viverra, nibh quis ultrices malesuada, ligula ipsum vulputate diam, aliquam egestas nibh ante vel dui. Sed in tellus interdum eros vulputate placerat sed non enim. Pellentesque eget justo porttitor urna dictum fermentum sit amet sed mauris. Praesent molestie vestibulum erat ac rhoncus. Aenean nunc risus, accumsan nec ipsum et, convallis sollicitudin dui. Proin dictum quam a semper malesuada. Etiam porta sit amet risus quis porta.<\/p>\\\\r\\\\n<p>\u00a0<\/p>\\\\r\\\\n<p>Nulla facilisi. Cras at interdum ante. Ut gravida pharetra ligula vitae malesuada. Sed eget libero et arcu tempor tincidunt in ac lectus. Maecenas vitae felis enim. In in tellus consequat, condimentum eros vitae, lacinia risus. Sed vehicula sem sed risus volutpat elementum. Nunc accumsan tempus nunc ac aliquet. Integer non ullamcorper eros, in rutrum velit.<\/p>\\\\r\\\\n<p>Proin cursus orci sit amet lobortis iaculis. Praesent condimentum eget felis ut laoreet. Aliquam sodales dolor id mi iaculis, non fermentum leo viverra. Aenean aliquet condimentum placerat. Aenean aliquet diam arcu. Curabitur ac ligula sem. Mauris tincidunt mauris at ligula tincidunt interdum. Vestibulum ante ipsum primis in faucibus orci luctus et ultrices posuere cubilia Curae; Phasellus sagittis, eros.<\/p>\\\",\\\"shortcodeitemid\\\":\\\"800\\\",\\\"oxi-tabs-modal-link-target\\\":\\\"0\\\"}"},{"id":"801","styleid":"178","rawdata":"{\\\"oxi-tabs-modal-title\\\":\\\"Audio\\\",\\\"oxi-tabs-modal-sub-title\\\":\\\"\\\",\\\"oxi-tabs-modal-title-additional\\\":\\\"icon\\\",\\\"oxi-tabs-modal-icon\\\":\\\"fas fa-headset\\\",\\\"oxi-tabs-modal-number\\\":\\\"1\\\",\\\"oxi-tabs-modal-image-select\\\":\\\"media-library\\\",\\\"oxi-tabs-modal-image-image\\\":\\\"\\\",\\\"oxi-tabs-modal-image-image-alt\\\":\\\"\\\",\\\"oxi-tabs-modal-image-url\\\":\\\"\\\",\\\"oxi-tabs-modal-color\\\":\\\"#ffffff\\\",\\\"oxi-tabs-modal-bg-color\\\":\\\"#527300\\\",\\\"oxi-tabs-modal-components-type\\\":\\\"wysiwyg\\\",\\\"oxi-tabs-modal-link-url\\\":\\\"\\\",\\\"oxi-tabs-modal-desc\\\":\\\"<p>Lorem ipsum dolor sit amet, consectetur adipiscing elit. Etiam et fermentum dui. Ut orci quam, ornare sed lorem sed, hendrerit auctor dolor. Nulla viverra, nibh quis ultrices malesuada, ligula ipsum vulputate diam, aliquam egestas nibh ante vel dui. Sed in tellus interdum eros vulputate placerat sed non enim. Pellentesque eget justo porttitor urna dictum fermentum sit amet sed mauris.<\/p>\\\\r\\\\n<p><iframe src=\\\\\\\"https:\/\/w.soundcloud.com\/player\/?url=https%3A\/\/api.soundcloud.com\/tracks\/490449570&amp;color=%23ff5500&amp;auto_play=false&amp;hide_related=false&amp;show_comments=true&amp;show_user=true&amp;show_reposts=false&amp;show_teaser=true\\\\\\\" width=\\\\\\\"100%\\\\\\\" height=\\\\\\\"166\\\\\\\" frameborder=\\\\\\\"no\\\\\\\" scrolling=\\\\\\\"no\\\\\\\"><\/iframe><\/p>\\\\r\\\\n<p>Praesent molestie vestibulum erat ac rhoncus. Aenean nunc risus, accumsan nec ipsum et, convallis sollicitudin dui. Proin dictum quam a semper malesuada. Etiam porta sit amet risus quis porta. Nulla facilisi. Cras at interdum ante.<\/p>\\\\r\\\\n<p>Ut gravida pharetra ligula vitae malesuada. Sed eget libero et arcu tempor tincidunt in ac lectus. Maecenas vitae felis enim. In in tellus consequat, condimentum eros vitae, lacinia risus. Sed vehicula sem sed risus volutpat elementum. Nunc accumsan tempus nunc ac aliquet. Integer non ullamcorper eros, in rutrum velit. Proin cursus orci sit amet lobortis iaculis.<\/p>\\\",\\\"shortcodeitemid\\\":\\\"801\\\",\\\"oxi-tabs-modal-link-target\\\":\\\"0\\\"}"},{"id":"802","styleid":"178","rawdata":"{\\\"oxi-tabs-modal-title\\\":\\\"Buy Now\\\",\\\"oxi-tabs-modal-sub-title\\\":\\\"\\\",\\\"oxi-tabs-modal-title-additional\\\":\\\"icon\\\",\\\"oxi-tabs-modal-icon\\\":\\\"fas fa-shopping-cart\\\",\\\"oxi-tabs-modal-number\\\":\\\"\\\",\\\"oxi-tabs-modal-image-select\\\":\\\"media-library\\\",\\\"oxi-tabs-modal-image-image\\\":\\\"\\\",\\\"oxi-tabs-modal-image-image-alt\\\":\\\"\\\",\\\"oxi-tabs-modal-image-url\\\":\\\"\\\",\\\"oxi-tabs-modal-color\\\":\\\"#ffffff\\\",\\\"oxi-tabs-modal-bg-color\\\":\\\"#73003b\\\",\\\"oxi-tabs-modal-components-type\\\":\\\"link\\\",\\\"oxi-tabs-modal-link-url\\\":\\\"https:\/\/oxilab.org\/responsive-tabs\/pricing\\\",\\\"oxi-tabs-modal-link-target\\\":\\\"yes\\\",\\\"oxi-tabs-modal-desc\\\":\\\"\\\",\\\"shortcodeitemid\\\":\\\"802\\\"}"}]}